The plugin "vite-tsconfig-paths" is detected. Vite now supports tsconfig paths resolution natively via the resolve.tsconfigPaths option. You can remove the plugin and set resolve.tsconfigPaths: true in your Vite config instead.
The plugin "vite-tsconfig-paths" is detected. Vite now supports tsconfig paths resolution natively via the resolve.tsconfigPaths option. You can remove the plugin and set resolve.tsconfigPaths: true in your Vite config instead.
The plugin "vite-tsconfig-paths" is detected. Vite now supports tsconfig paths resolution natively via the resolve.tsconfigPaths option. You can remove the plugin and set resolve.tsconfigPaths: true in your Vite config instead.

 RUN  v4.1.8 /private/tmp/dsh-footer-source.gZQq0j/deepseek-harness-477b4f420553e8a52c2fbccc464d7561b239c443

 ✓ |thread-safe| packages/client/ui-renderer/tests/registry.client.spec.ts (44 tests) 175ms
Error: renderSlot('root') before any 'root' registration (boot order)
    at RootOutlet (/private/tmp/dsh-footer-source.gZQq0j/deepseek-harness-477b4f420553e8a52c2fbccc464d7561b239c443/packages/client/ui-renderer/src/client/scoped-slots.tsx:1281:11)
    at renderWithHooks (/private/tmp/dsh-footer-source.gZQq0j/deepseek-harness-477b4f420553e8a52c2fbccc464d7561b239c443/node_modules/.pnpm/react-dom@18.3.1_react@18.3.1/node_modules/react-dom/cjs/react-dom.development.js:15486:18)
    at mountIndeterminateComponent (/private/tmp/dsh-footer-source.gZQq0j/deepseek-harness-477b4f420553e8a52c2fbccc464d7561b239c443/node_modules/.pnpm/react-dom@18.3.1_react@18.3.1/node_modules/react-dom/cjs/react-dom.development.js:20103:13)
    at beginWork (/private/tmp/dsh-footer-source.gZQq0j/deepseek-harness-477b4f420553e8a52c2fbccc464d7561b239c443/node_modules/.pnpm/react-dom@18.3.1_react@18.3.1/node_modules/react-dom/cjs/react-dom.development.js:21626:16)
    at HTMLUnknownElement.callCallback (/private/tmp/dsh-footer-source.gZQq0j/deepseek-harness-477b4f420553e8a52c2fbccc464d7561b239c443/node_modules/.pnpm/react-dom@18.3.1_react@18.3.1/node_modules/react-dom/cjs/react-dom.development.js:4164:14)
    at HTMLUnknownElement.callTheUserObjectsOperation (/private/tmp/dsh-footer-source.gZQq0j/deepseek-harness-477b4f420553e8a52c2fbccc464d7561b239c443/node_modules/.pnpm/jsdom@29.1.1_@noble+hashes@2.3.0/node_modules/jsdom/lib/generated/idl/EventListener.js:26:30)
    at innerInvokeEventListeners (/private/tmp/dsh-footer-source.gZQq0j/deepseek-harness-477b4f420553e8a52c2fbccc464d7561b239c443/node_modules/.pnpm/jsdom@29.1.1_@noble+hashes@2.3.0/node_modules/jsdom/lib/jsdom/living/events/EventTarget-impl.js:360:16)
    at invokeEventListeners (/private/tmp/dsh-footer-source.gZQq0j/deepseek-harness-477b4f420553e8a52c2fbccc464d7561b239c443/node_modules/.pnpm/jsdom@29.1.1_@noble+hashes@2.3.0/node_modules/jsdom/lib/jsdom/living/events/EventTarget-impl.js:296:3)
    at HTMLUnknownElementImpl._dispatch (/private/tmp/dsh-footer-source.gZQq0j/deepseek-harness-477b4f420553e8a52c2fbccc464d7561b239c443/node_modules/.pnpm/jsdom@29.1.1_@noble+hashes@2.3.0/node_modules/jsdom/lib/jsdom/living/events/EventTarget-impl.js:243:9)
    at HTMLUnknownElementImpl.dispatchEvent (/private/tmp/dsh-footer-source.gZQq0j/deepseek-harness-477b4f420553e8a52c2fbccc464d7561b239c443/node_modules/.pnpm/jsdom@29.1.1_@noble+hashes@2.3.0/node_modules/jsdom/lib/jsdom/living/events/EventTarget-impl.js:114:17)
Error: renderSlot('root') before any 'root' registration (boot order)
    at RootOutlet (/private/tmp/dsh-footer-source.gZQq0j/deepseek-harness-477b4f420553e8a52c2fbccc464d7561b239c443/packages/client/ui-renderer/src/client/scoped-slots.tsx:1281:11)
    at renderWithHooks (/private/tmp/dsh-footer-source.gZQq0j/deepseek-harness-477b4f420553e8a52c2fbccc464d7561b239c443/node_modules/.pnpm/react-dom@18.3.1_react@18.3.1/node_modules/react-dom/cjs/react-dom.development.js:15486:18)
    at mountIndeterminateComponent (/private/tmp/dsh-footer-source.gZQq0j/deepseek-harness-477b4f420553e8a52c2fbccc464d7561b239c443/node_modules/.pnpm/react-dom@18.3.1_react@18.3.1/node_modules/react-dom/cjs/react-dom.development.js:20103:13)
    at beginWork (/private/tmp/dsh-footer-source.gZQq0j/deepseek-harness-477b4f420553e8a52c2fbccc464d7561b239c443/node_modules/.pnpm/react-dom@18.3.1_react@18.3.1/node_modules/react-dom/cjs/react-dom.development.js:21626:16)
    at HTMLUnknownElement.callCallback (/private/tmp/dsh-footer-source.gZQq0j/deepseek-harness-477b4f420553e8a52c2fbccc464d7561b239c443/node_modules/.pnpm/react-dom@18.3.1_react@18.3.1/node_modules/react-dom/cjs/react-dom.development.js:4164:14)
    at HTMLUnknownElement.callTheUserObjectsOperation (/private/tmp/dsh-footer-source.gZQq0j/deepseek-harness-477b4f420553e8a52c2fbccc464d7561b239c443/node_modules/.pnpm/jsdom@29.1.1_@noble+hashes@2.3.0/node_modules/jsdom/lib/generated/idl/EventListener.js:26:30)
    at innerInvokeEventListeners (/private/tmp/dsh-footer-source.gZQq0j/deepseek-harness-477b4f420553e8a52c2fbccc464d7561b239c443/node_modules/.pnpm/jsdom@29.1.1_@noble+hashes@2.3.0/node_modules/jsdom/lib/jsdom/living/events/EventTarget-impl.js:360:16)
    at invokeEventListeners (/private/tmp/dsh-footer-source.gZQq0j/deepseek-harness-477b4f420553e8a52c2fbccc464d7561b239c443/node_modules/.pnpm/jsdom@29.1.1_@noble+hashes@2.3.0/node_modules/jsdom/lib/jsdom/living/events/EventTarget-impl.js:296:3)
    at HTMLUnknownElementImpl._dispatch (/private/tmp/dsh-footer-source.gZQq0j/deepseek-harness-477b4f420553e8a52c2fbccc464d7561b239c443/node_modules/.pnpm/jsdom@29.1.1_@noble+hashes@2.3.0/node_modules/jsdom/lib/jsdom/living/events/EventTarget-impl.js:243:9)
    at HTMLUnknownElementImpl.dispatchEvent (/private/tmp/dsh-footer-source.gZQq0j/deepseek-harness-477b4f420553e8a52c2fbccc464d7561b239c443/node_modules/.pnpm/jsdom@29.1.1_@noble+hashes@2.3.0/node_modules/jsdom/lib/jsdom/living/events/EventTarget-impl.js:114:17)
Error: entry boom
    at component (/private/tmp/dsh-footer-source.gZQq0j/deepseek-harness-477b4f420553e8a52c2fbccc464d7561b239c443/packages/client/ui-renderer/tests/scoped-slots.client.spec.tsx:389:48)
    at renderWithHooks (/private/tmp/dsh-footer-source.gZQq0j/deepseek-harness-477b4f420553e8a52c2fbccc464d7561b239c443/node_modules/.pnpm/react-dom@18.3.1_react@18.3.1/node_modules/react-dom/cjs/react-dom.development.js:15486:18)
    at mountIndeterminateComponent (/private/tmp/dsh-footer-source.gZQq0j/deepseek-harness-477b4f420553e8a52c2fbccc464d7561b239c443/node_modules/.pnpm/react-dom@18.3.1_react@18.3.1/node_modules/react-dom/cjs/react-dom.development.js:20103:13)
    at beginWork (/private/tmp/dsh-footer-source.gZQq0j/deepseek-harness-477b4f420553e8a52c2fbccc464d7561b239c443/node_modules/.pnpm/react-dom@18.3.1_react@18.3.1/node_modules/react-dom/cjs/react-dom.development.js:21626:16)
    at HTMLUnknownElement.callCallback (/private/tmp/dsh-footer-source.gZQq0j/deepseek-harness-477b4f420553e8a52c2fbccc464d7561b239c443/node_modules/.pnpm/react-dom@18.3.1_react@18.3.1/node_modules/react-dom/cjs/react-dom.development.js:4164:14)
    at HTMLUnknownElement.callTheUserObjectsOperation (/private/tmp/dsh-footer-source.gZQq0j/deepseek-harness-477b4f420553e8a52c2fbccc464d7561b239c443/node_modules/.pnpm/jsdom@29.1.1_@noble+hashes@2.3.0/node_modules/jsdom/lib/generated/idl/EventListener.js:26:30)
    at innerInvokeEventListeners (/private/tmp/dsh-footer-source.gZQq0j/deepseek-harness-477b4f420553e8a52c2fbccc464d7561b239c443/node_modules/.pnpm/jsdom@29.1.1_@noble+hashes@2.3.0/node_modules/jsdom/lib/jsdom/living/events/EventTarget-impl.js:360:16)
    at invokeEventListeners (/private/tmp/dsh-footer-source.gZQq0j/deepseek-harness-477b4f420553e8a52c2fbccc464d7561b239c443/node_modules/.pnpm/jsdom@29.1.1_@noble+hashes@2.3.0/node_modules/jsdom/lib/jsdom/living/events/EventTarget-impl.js:296:3)
    at HTMLUnknownElementImpl._dispatch (/private/tmp/dsh-footer-source.gZQq0j/deepseek-harness-477b4f420553e8a52c2fbccc464d7561b239c443/node_modules/.pnpm/jsdom@29.1.1_@noble+hashes@2.3.0/node_modules/jsdom/lib/jsdom/living/events/EventTarget-impl.js:243:9)
    at HTMLUnknownElementImpl.dispatchEvent (/private/tmp/dsh-footer-source.gZQq0j/deepseek-harness-477b4f420553e8a52c2fbccc464d7561b239c443/node_modules/.pnpm/jsdom@29.1.1_@noble+hashes@2.3.0/node_modules/jsdom/lib/jsdom/living/events/EventTarget-impl.js:114:17)
Error: entry boom
    at component (/private/tmp/dsh-footer-source.gZQq0j/deepseek-harness-477b4f420553e8a52c2fbccc464d7561b239c443/packages/client/ui-renderer/tests/scoped-slots.client.spec.tsx:389:48)
    at renderWithHooks (/private/tmp/dsh-footer-source.gZQq0j/deepseek-harness-477b4f420553e8a52c2fbccc464d7561b239c443/node_modules/.pnpm/react-dom@18.3.1_react@18.3.1/node_modules/react-dom/cjs/react-dom.development.js:15486:18)
    at mountIndeterminateComponent (/private/tmp/dsh-footer-source.gZQq0j/deepseek-harness-477b4f420553e8a52c2fbccc464d7561b239c443/node_modules/.pnpm/react-dom@18.3.1_react@18.3.1/node_modules/react-dom/cjs/react-dom.development.js:20103:13)
    at beginWork (/private/tmp/dsh-footer-source.gZQq0j/deepseek-harness-477b4f420553e8a52c2fbccc464d7561b239c443/node_modules/.pnpm/react-dom@18.3.1_react@18.3.1/node_modules/react-dom/cjs/react-dom.development.js:21626:16)
    at HTMLUnknownElement.callCallback (/private/tmp/dsh-footer-source.gZQq0j/deepseek-harness-477b4f420553e8a52c2fbccc464d7561b239c443/node_modules/.pnpm/react-dom@18.3.1_react@18.3.1/node_modules/react-dom/cjs/react-dom.development.js:4164:14)
    at HTMLUnknownElement.callTheUserObjectsOperation (/private/tmp/dsh-footer-source.gZQq0j/deepseek-harness-477b4f420553e8a52c2fbccc464d7561b239c443/node_modules/.pnpm/jsdom@29.1.1_@noble+hashes@2.3.0/node_modules/jsdom/lib/generated/idl/EventListener.js:26:30)
    at innerInvokeEventListeners (/private/tmp/dsh-footer-source.gZQq0j/deepseek-harness-477b4f420553e8a52c2fbccc464d7561b239c443/node_modules/.pnpm/jsdom@29.1.1_@noble+hashes@2.3.0/node_modules/jsdom/lib/jsdom/living/events/EventTarget-impl.js:360:16)
    at invokeEventListeners (/private/tmp/dsh-footer-source.gZQq0j/deepseek-harness-477b4f420553e8a52c2fbccc464d7561b239c443/node_modules/.pnpm/jsdom@29.1.1_@noble+hashes@2.3.0/node_modules/jsdom/lib/jsdom/living/events/EventTarget-impl.js:296:3)
    at HTMLUnknownElementImpl._dispatch (/private/tmp/dsh-footer-source.gZQq0j/deepseek-harness-477b4f420553e8a52c2fbccc464d7561b239c443/node_modules/.pnpm/jsdom@29.1.1_@noble+hashes@2.3.0/node_modules/jsdom/lib/jsdom/living/events/EventTarget-impl.js:243:9)
    at HTMLUnknownElementImpl.dispatchEvent (/private/tmp/dsh-footer-source.gZQq0j/deepseek-harness-477b4f420553e8a52c2fbccc464d7561b239c443/node_modules/.pnpm/jsdom@29.1.1_@noble+hashes@2.3.0/node_modules/jsdom/lib/jsdom/living/events/EventTarget-impl.js:114:17)
Error: entry A boom
    at component (/private/tmp/dsh-footer-source.gZQq0j/deepseek-harness-477b4f420553e8a52c2fbccc464d7561b239c443/packages/client/ui-renderer/tests/scoped-slots.client.spec.tsx:448:32)
    at renderWithHooks (/private/tmp/dsh-footer-source.gZQq0j/deepseek-harness-477b4f420553e8a52c2fbccc464d7561b239c443/node_modules/.pnpm/react-dom@18.3.1_react@18.3.1/node_modules/react-dom/cjs/react-dom.development.js:15486:18)
    at mountIndeterminateComponent (/private/tmp/dsh-footer-source.gZQq0j/deepseek-harness-477b4f420553e8a52c2fbccc464d7561b239c443/node_modules/.pnpm/react-dom@18.3.1_react@18.3.1/node_modules/react-dom/cjs/react-dom.development.js:20103:13)
    at beginWork (/private/tmp/dsh-footer-source.gZQq0j/deepseek-harness-477b4f420553e8a52c2fbccc464d7561b239c443/node_modules/.pnpm/react-dom@18.3.1_react@18.3.1/node_modules/react-dom/cjs/react-dom.development.js:21626:16)
    at HTMLUnknownElement.callCallback (/private/tmp/dsh-footer-source.gZQq0j/deepseek-harness-477b4f420553e8a52c2fbccc464d7561b239c443/node_modules/.pnpm/react-dom@18.3.1_react@18.3.1/node_modules/react-dom/cjs/react-dom.development.js:4164:14)
    at HTMLUnknownElement.callTheUserObjectsOperation (/private/tmp/dsh-footer-source.gZQq0j/deepseek-harness-477b4f420553e8a52c2fbccc464d7561b239c443/node_modules/.pnpm/jsdom@29.1.1_@noble+hashes@2.3.0/node_modules/jsdom/lib/generated/idl/EventListener.js:26:30)
    at innerInvokeEventListeners (/private/tmp/dsh-footer-source.gZQq0j/deepseek-harness-477b4f420553e8a52c2fbccc464d7561b239c443/node_modules/.pnpm/jsdom@29.1.1_@noble+hashes@2.3.0/node_modules/jsdom/lib/jsdom/living/events/EventTarget-impl.js:360:16)
    at invokeEventListeners (/private/tmp/dsh-footer-source.gZQq0j/deepseek-harness-477b4f420553e8a52c2fbccc464d7561b239c443/node_modules/.pnpm/jsdom@29.1.1_@noble+hashes@2.3.0/node_modules/jsdom/lib/jsdom/living/events/EventTarget-impl.js:296:3)
    at HTMLUnknownElementImpl._dispatch (/private/tmp/dsh-footer-source.gZQq0j/deepseek-harness-477b4f420553e8a52c2fbccc464d7561b239c443/node_modules/.pnpm/jsdom@29.1.1_@noble+hashes@2.3.0/node_modules/jsdom/lib/jsdom/living/events/EventTarget-impl.js:243:9)
    at HTMLUnknownElementImpl.dispatchEvent (/private/tmp/dsh-footer-source.gZQq0j/deepseek-harness-477b4f420553e8a52c2fbccc464d7561b239c443/node_modules/.pnpm/jsdom@29.1.1_@noble+hashes@2.3.0/node_modules/jsdom/lib/jsdom/living/events/EventTarget-impl.js:114:17)
Error: entry A boom
    at component (/private/tmp/dsh-footer-source.gZQq0j/deepseek-harness-477b4f420553e8a52c2fbccc464d7561b239c443/packages/client/ui-renderer/tests/scoped-slots.client.spec.tsx:448:32)
    at renderWithHooks (/private/tmp/dsh-footer-source.gZQq0j/deepseek-harness-477b4f420553e8a52c2fbccc464d7561b239c443/node_modules/.pnpm/react-dom@18.3.1_react@18.3.1/node_modules/react-dom/cjs/react-dom.development.js:15486:18)
    at mountIndeterminateComponent (/private/tmp/dsh-footer-source.gZQq0j/deepseek-harness-477b4f420553e8a52c2fbccc464d7561b239c443/node_modules/.pnpm/react-dom@18.3.1_react@18.3.1/node_modules/react-dom/cjs/react-dom.development.js:20103:13)
    at beginWork (/private/tmp/dsh-footer-source.gZQq0j/deepseek-harness-477b4f420553e8a52c2fbccc464d7561b239c443/node_modules/.pnpm/react-dom@18.3.1_react@18.3.1/node_modules/react-dom/cjs/react-dom.development.js:21626:16)
    at HTMLUnknownElement.callCallback (/private/tmp/dsh-footer-source.gZQq0j/deepseek-harness-477b4f420553e8a52c2fbccc464d7561b239c443/node_modules/.pnpm/react-dom@18.3.1_react@18.3.1/node_modules/react-dom/cjs/react-dom.development.js:4164:14)
    at HTMLUnknownElement.callTheUserObjectsOperation (/private/tmp/dsh-footer-source.gZQq0j/deepseek-harness-477b4f420553e8a52c2fbccc464d7561b239c443/node_modules/.pnpm/jsdom@29.1.1_@noble+hashes@2.3.0/node_modules/jsdom/lib/generated/idl/EventListener.js:26:30)
    at innerInvokeEventListeners (/private/tmp/dsh-footer-source.gZQq0j/deepseek-harness-477b4f420553e8a52c2fbccc464d7561b239c443/node_modules/.pnpm/jsdom@29.1.1_@noble+hashes@2.3.0/node_modules/jsdom/lib/jsdom/living/events/EventTarget-impl.js:360:16)
    at invokeEventListeners (/private/tmp/dsh-footer-source.gZQq0j/deepseek-harness-477b4f420553e8a52c2fbccc464d7561b239c443/node_modules/.pnpm/jsdom@29.1.1_@noble+hashes@2.3.0/node_modules/jsdom/lib/jsdom/living/events/EventTarget-impl.js:296:3)
    at HTMLUnknownElementImpl._dispatch (/private/tmp/dsh-footer-source.gZQq0j/deepseek-harness-477b4f420553e8a52c2fbccc464d7561b239c443/node_modules/.pnpm/jsdom@29.1.1_@noble+hashes@2.3.0/node_modules/jsdom/lib/jsdom/living/events/EventTarget-impl.js:243:9)
    at HTMLUnknownElementImpl.dispatchEvent (/private/tmp/dsh-footer-source.gZQq0j/deepseek-harness-477b4f420553e8a52c2fbccc464d7561b239c443/node_modules/.pnpm/jsdom@29.1.1_@noble+hashes@2.3.0/node_modules/jsdom/lib/jsdom/living/events/EventTarget-impl.js:114:17)
stderr | packages/client/ui-renderer/tests/scoped-slots.client.spec.tsx > overlay chains (ChainRenderOpts.overlay) > keeps election semantics under overlay: priority order, selector-crash decline, live dispose back to fallback
chain selector crashed in 'k.chain' (unknown registrant), treating as declined: Error: selector boom
    at Object.select (/private/tmp/dsh-footer-source.gZQq0j/deepseek-harness-477b4f420553e8a52c2fbccc464d7561b239c443/packages/client/ui-renderer/tests/scoped-slots.client.spec.tsx:682:29)
    at renderOutletContent (/private/tmp/dsh-footer-source.gZQq0j/deepseek-harness-477b4f420553e8a52c2fbccc464d7561b239c443/packages/client/ui-renderer/src/client/scoped-slots.tsx:1197:26)
    at SlotOutlet (/private/tmp/dsh-footer-source.gZQq0j/deepseek-harness-477b4f420553e8a52c2fbccc464d7561b239c443/packages/client/ui-renderer/src/client/scoped-slots.tsx:1089:8)
    at renderWithHooks (/private/tmp/dsh-footer-source.gZQq0j/deepseek-harness-477b4f420553e8a52c2fbccc464d7561b239c443/node_modules/.pnpm/react-dom@18.3.1_react@18.3.1/node_modules/react-dom/cjs/react-dom.development.js:15486:18)
    at updateFunctionComponent (/private/tmp/dsh-footer-source.gZQq0j/deepseek-harness-477b4f420553e8a52c2fbccc464d7561b239c443/node_modules/.pnpm/react-dom@18.3.1_react@18.3.1/node_modules/react-dom/cjs/react-dom.development.js:19617:20)
    at beginWork (/private/tmp/dsh-footer-source.gZQq0j/deepseek-harness-477b4f420553e8a52c2fbccc464d7561b239c443/node_modules/.pnpm/react-dom@18.3.1_react@18.3.1/node_modules/react-dom/cjs/react-dom.development.js:21640:16)
    at beginWork$1 (/private/tmp/dsh-footer-source.gZQq0j/deepseek-harness-477b4f420553e8a52c2fbccc464d7561b239c443/node_modules/.pnpm/react-dom@18.3.1_react@18.3.1/node_modules/react-dom/cjs/react-dom.development.js:27465:14)
    at performUnitOfWork (/private/tmp/dsh-footer-source.gZQq0j/deepseek-harness-477b4f420553e8a52c2fbccc464d7561b239c443/node_modules/.pnpm/react-dom@18.3.1_react@18.3.1/node_modules/react-dom/cjs/react-dom.development.js:26599:12)
    at workLoopSync (/private/tmp/dsh-footer-source.gZQq0j/deepseek-harness-477b4f420553e8a52c2fbccc464d7561b239c443/node_modules/.pnpm/react-dom@18.3.1_react@18.3.1/node_modules/react-dom/cjs/react-dom.development.js:26505:5)
    at renderRootSync (/private/tmp/dsh-footer-source.gZQq0j/deepseek-harness-477b4f420553e8a52c2fbccc464d7561b239c443/node_modules/.pnpm/react-dom@18.3.1_react@18.3.1/node_modules/react-dom/cjs/react-dom.development.js:26473:7)

Error: strict session slot 'k.session' rendered without a scope binding
    at renderOutletContent (/private/tmp/dsh-footer-source.gZQq0j/deepseek-harness-477b4f420553e8a52c2fbccc464d7561b239c443/packages/client/ui-renderer/src/client/scoped-slots.tsx:1111:11)
    at SlotOutlet (/private/tmp/dsh-footer-source.gZQq0j/deepseek-harness-477b4f420553e8a52c2fbccc464d7561b239c443/packages/client/ui-renderer/src/client/scoped-slots.tsx:1089:8)
    at renderWithHooks (/private/tmp/dsh-footer-source.gZQq0j/deepseek-harness-477b4f420553e8a52c2fbccc464d7561b239c443/node_modules/.pnpm/react-dom@18.3.1_react@18.3.1/node_modules/react-dom/cjs/react-dom.development.js:15486:18)
    at mountIndeterminateComponent (/private/tmp/dsh-footer-source.gZQq0j/deepseek-harness-477b4f420553e8a52c2fbccc464d7561b239c443/node_modules/.pnpm/react-dom@18.3.1_react@18.3.1/node_modules/react-dom/cjs/react-dom.development.js:20103:13)
    at beginWork (/private/tmp/dsh-footer-source.gZQq0j/deepseek-harness-477b4f420553e8a52c2fbccc464d7561b239c443/node_modules/.pnpm/react-dom@18.3.1_react@18.3.1/node_modules/react-dom/cjs/react-dom.development.js:21626:16)
    at HTMLUnknownElement.callCallback (/private/tmp/dsh-footer-source.gZQq0j/deepseek-harness-477b4f420553e8a52c2fbccc464d7561b239c443/node_modules/.pnpm/react-dom@18.3.1_react@18.3.1/node_modules/react-dom/cjs/react-dom.development.js:4164:14)
    at HTMLUnknownElement.callTheUserObjectsOperation (/private/tmp/dsh-footer-source.gZQq0j/deepseek-harness-477b4f420553e8a52c2fbccc464d7561b239c443/node_modules/.pnpm/jsdom@29.1.1_@noble+hashes@2.3.0/node_modules/jsdom/lib/generated/idl/EventListener.js:26:30)
    at innerInvokeEventListeners (/private/tmp/dsh-footer-source.gZQq0j/deepseek-harness-477b4f420553e8a52c2fbccc464d7561b239c443/node_modules/.pnpm/jsdom@29.1.1_@noble+hashes@2.3.0/node_modules/jsdom/lib/jsdom/living/events/EventTarget-impl.js:360:16)
    at invokeEventListeners (/private/tmp/dsh-footer-source.gZQq0j/deepseek-harness-477b4f420553e8a52c2fbccc464d7561b239c443/node_modules/.pnpm/jsdom@29.1.1_@noble+hashes@2.3.0/node_modules/jsdom/lib/jsdom/living/events/EventTarget-impl.js:296:3)
    at HTMLUnknownElementImpl._dispatch (/private/tmp/dsh-footer-source.gZQq0j/deepseek-harness-477b4f420553e8a52c2fbccc464d7561b239c443/node_modules/.pnpm/jsdom@29.1.1_@noble+hashes@2.3.0/node_modules/jsdom/lib/jsdom/living/events/EventTarget-impl.js:243:9)
Error: strict session slot 'k.session' rendered without a scope binding
    at renderOutletContent (/private/tmp/dsh-footer-source.gZQq0j/deepseek-harness-477b4f420553e8a52c2fbccc464d7561b239c443/packages/client/ui-renderer/src/client/scoped-slots.tsx:1111:11)
    at SlotOutlet (/private/tmp/dsh-footer-source.gZQq0j/deepseek-harness-477b4f420553e8a52c2fbccc464d7561b239c443/packages/client/ui-renderer/src/client/scoped-slots.tsx:1089:8)
    at renderWithHooks (/private/tmp/dsh-footer-source.gZQq0j/deepseek-harness-477b4f420553e8a52c2fbccc464d7561b239c443/node_modules/.pnpm/react-dom@18.3.1_react@18.3.1/node_modules/react-dom/cjs/react-dom.development.js:15486:18)
    at mountIndeterminateComponent (/private/tmp/dsh-footer-source.gZQq0j/deepseek-harness-477b4f420553e8a52c2fbccc464d7561b239c443/node_modules/.pnpm/react-dom@18.3.1_react@18.3.1/node_modules/react-dom/cjs/react-dom.development.js:20103:13)
    at beginWork (/private/tmp/dsh-footer-source.gZQq0j/deepseek-harness-477b4f420553e8a52c2fbccc464d7561b239c443/node_modules/.pnpm/react-dom@18.3.1_react@18.3.1/node_modules/react-dom/cjs/react-dom.development.js:21626:16)
    at beginWork$1 (/private/tmp/dsh-footer-source.gZQq0j/deepseek-harness-477b4f420553e8a52c2fbccc464d7561b239c443/node_modules/.pnpm/react-dom@18.3.1_react@18.3.1/node_modules/react-dom/cjs/react-dom.development.js:27465:14)
    at performUnitOfWork (/private/tmp/dsh-footer-source.gZQq0j/deepseek-harness-477b4f420553e8a52c2fbccc464d7561b239c443/node_modules/.pnpm/react-dom@18.3.1_react@18.3.1/node_modules/react-dom/cjs/react-dom.development.js:26599:12)
    at workLoopSync (/private/tmp/dsh-footer-source.gZQq0j/deepseek-harness-477b4f420553e8a52c2fbccc464d7561b239c443/node_modules/.pnpm/react-dom@18.3.1_react@18.3.1/node_modules/react-dom/cjs/react-dom.development.js:26505:5)
    at renderRootSync (/private/tmp/dsh-footer-source.gZQq0j/deepseek-harness-477b4f420553e8a52c2fbccc464d7561b239c443/node_modules/.pnpm/react-dom@18.3.1_react@18.3.1/node_modules/react-dom/cjs/react-dom.development.js:26473:7)
    at performConcurrentWorkOnRoot (/private/tmp/dsh-footer-source.gZQq0j/deepseek-harness-477b4f420553e8a52c2fbccc464d7561b239c443/node_modules/.pnpm/react-dom@18.3.1_react@18.3.1/node_modules/react-dom/cjs/react-dom.development.js:25777:74)
Error: strict session slot 'k.session' rendered without a scope binding
    at renderOutletContent (/private/tmp/dsh-footer-source.gZQq0j/deepseek-harness-477b4f420553e8a52c2fbccc464d7561b239c443/packages/client/ui-renderer/src/client/scoped-slots.tsx:1111:11)
    at SlotOutlet (/private/tmp/dsh-footer-source.gZQq0j/deepseek-harness-477b4f420553e8a52c2fbccc464d7561b239c443/packages/client/ui-renderer/src/client/scoped-slots.tsx:1089:8)
    at renderWithHooks (/private/tmp/dsh-footer-source.gZQq0j/deepseek-harness-477b4f420553e8a52c2fbccc464d7561b239c443/node_modules/.pnpm/react-dom@18.3.1_react@18.3.1/node_modules/react-dom/cjs/react-dom.development.js:15486:18)
    at mountIndeterminateComponent (/private/tmp/dsh-footer-source.gZQq0j/deepseek-harness-477b4f420553e8a52c2fbccc464d7561b239c443/node_modules/.pnpm/react-dom@18.3.1_react@18.3.1/node_modules/react-dom/cjs/react-dom.development.js:20103:13)
    at beginWork (/private/tmp/dsh-footer-source.gZQq0j/deepseek-harness-477b4f420553e8a52c2fbccc464d7561b239c443/node_modules/.pnpm/react-dom@18.3.1_react@18.3.1/node_modules/react-dom/cjs/react-dom.development.js:21626:16)
    at HTMLUnknownElement.callCallback (/private/tmp/dsh-footer-source.gZQq0j/deepseek-harness-477b4f420553e8a52c2fbccc464d7561b239c443/node_modules/.pnpm/react-dom@18.3.1_react@18.3.1/node_modules/react-dom/cjs/react-dom.development.js:4164:14)
    at HTMLUnknownElement.callTheUserObjectsOperation (/private/tmp/dsh-footer-source.gZQq0j/deepseek-harness-477b4f420553e8a52c2fbccc464d7561b239c443/node_modules/.pnpm/jsdom@29.1.1_@noble+hashes@2.3.0/node_modules/jsdom/lib/generated/idl/EventListener.js:26:30)
    at innerInvokeEventListeners (/private/tmp/dsh-footer-source.gZQq0j/deepseek-harness-477b4f420553e8a52c2fbccc464d7561b239c443/node_modules/.pnpm/jsdom@29.1.1_@noble+hashes@2.3.0/node_modules/jsdom/lib/jsdom/living/events/EventTarget-impl.js:360:16)
    at invokeEventListeners (/private/tmp/dsh-footer-source.gZQq0j/deepseek-harness-477b4f420553e8a52c2fbccc464d7561b239c443/node_modules/.pnpm/jsdom@29.1.1_@noble+hashes@2.3.0/node_modules/jsdom/lib/jsdom/living/events/EventTarget-impl.js:296:3)
    at HTMLUnknownElementImpl._dispatch (/private/tmp/dsh-footer-source.gZQq0j/deepseek-harness-477b4f420553e8a52c2fbccc464d7561b239c443/node_modules/.pnpm/jsdom@29.1.1_@noble+hashes@2.3.0/node_modules/jsdom/lib/jsdom/living/events/EventTarget-impl.js:243:9)
Error: strict session slot 'k.session' rendered without a scope binding
    at renderOutletContent (/private/tmp/dsh-footer-source.gZQq0j/deepseek-harness-477b4f420553e8a52c2fbccc464d7561b239c443/packages/client/ui-renderer/src/client/scoped-slots.tsx:1111:11)
    at SlotOutlet (/private/tmp/dsh-footer-source.gZQq0j/deepseek-harness-477b4f420553e8a52c2fbccc464d7561b239c443/packages/client/ui-renderer/src/client/scoped-slots.tsx:1089:8)
    at renderWithHooks (/private/tmp/dsh-footer-source.gZQq0j/deepseek-harness-477b4f420553e8a52c2fbccc464d7561b239c443/node_modules/.pnpm/react-dom@18.3.1_react@18.3.1/node_modules/react-dom/cjs/react-dom.development.js:15486:18)
    at mountIndeterminateComponent (/private/tmp/dsh-footer-source.gZQq0j/deepseek-harness-477b4f420553e8a52c2fbccc464d7561b239c443/node_modules/.pnpm/react-dom@18.3.1_react@18.3.1/node_modules/react-dom/cjs/react-dom.development.js:20103:13)
    at beginWork (/private/tmp/dsh-footer-source.gZQq0j/deepseek-harness-477b4f420553e8a52c2fbccc464d7561b239c443/node_modules/.pnpm/react-dom@18.3.1_react@18.3.1/node_modules/react-dom/cjs/react-dom.development.js:21626:16)
    at beginWork$1 (/private/tmp/dsh-footer-source.gZQq0j/deepseek-harness-477b4f420553e8a52c2fbccc464d7561b239c443/node_modules/.pnpm/react-dom@18.3.1_react@18.3.1/node_modules/react-dom/cjs/react-dom.development.js:27465:14)
    at performUnitOfWork (/private/tmp/dsh-footer-source.gZQq0j/deepseek-harness-477b4f420553e8a52c2fbccc464d7561b239c443/node_modules/.pnpm/react-dom@18.3.1_react@18.3.1/node_modules/react-dom/cjs/react-dom.development.js:26599:12)
    at workLoopSync (/private/tmp/dsh-footer-source.gZQq0j/deepseek-harness-477b4f420553e8a52c2fbccc464d7561b239c443/node_modules/.pnpm/react-dom@18.3.1_react@18.3.1/node_modules/react-dom/cjs/react-dom.development.js:26505:5)
    at renderRootSync (/private/tmp/dsh-footer-source.gZQq0j/deepseek-harness-477b4f420553e8a52c2fbccc464d7561b239c443/node_modules/.pnpm/react-dom@18.3.1_react@18.3.1/node_modules/react-dom/cjs/react-dom.development.js:26473:7)
    at recoverFromConcurrentError (/private/tmp/dsh-footer-source.gZQq0j/deepseek-harness-477b4f420553e8a52c2fbccc464d7561b239c443/node_modules/.pnpm/react-dom@18.3.1_react@18.3.1/node_modules/react-dom/cjs/react-dom.development.js:25889:20)
Error: inject boom
    at inject (/private/tmp/dsh-footer-source.gZQq0j/deepseek-harness-477b4f420553e8a52c2fbccc464d7561b239c443/packages/client/ui-renderer/tests/scoped-slots.client.spec.tsx:1050:29)
    at runInject (/private/tmp/dsh-footer-source.gZQq0j/deepseek-harness-477b4f420553e8a52c2fbccc464d7561b239c443/packages/client/ui-renderer/src/client/scoped-slots.tsx:179:29)
    at cachedRootInject (/private/tmp/dsh-footer-source.gZQq0j/deepseek-harness-477b4f420553e8a52c2fbccc464d7561b239c443/packages/client/ui-renderer/src/client/scoped-slots.tsx:254:13)
    at RootEntry (/private/tmp/dsh-footer-source.gZQq0j/deepseek-harness-477b4f420553e8a52c2fbccc464d7561b239c443/packages/client/ui-renderer/src/client/scoped-slots.tsx:777:20)
    at renderWithHooks (/private/tmp/dsh-footer-source.gZQq0j/deepseek-harness-477b4f420553e8a52c2fbccc464d7561b239c443/node_modules/.pnpm/react-dom@18.3.1_react@18.3.1/node_modules/react-dom/cjs/react-dom.development.js:15486:18)
    at mountIndeterminateComponent (/private/tmp/dsh-footer-source.gZQq0j/deepseek-harness-477b4f420553e8a52c2fbccc464d7561b239c443/node_modules/.pnpm/react-dom@18.3.1_react@18.3.1/node_modules/react-dom/cjs/react-dom.development.js:20103:13)
    at beginWork (/private/tmp/dsh-footer-source.gZQq0j/deepseek-harness-477b4f420553e8a52c2fbccc464d7561b239c443/node_modules/.pnpm/react-dom@18.3.1_react@18.3.1/node_modules/react-dom/cjs/react-dom.development.js:21626:16)
    at HTMLUnknownElement.callCallback (/private/tmp/dsh-footer-source.gZQq0j/deepseek-harness-477b4f420553e8a52c2fbccc464d7561b239c443/node_modules/.pnpm/react-dom@18.3.1_react@18.3.1/node_modules/react-dom/cjs/react-dom.development.js:4164:14)
    at HTMLUnknownElement.callTheUserObjectsOperation (/private/tmp/dsh-footer-source.gZQq0j/deepseek-harness-477b4f420553e8a52c2fbccc464d7561b239c443/node_modules/.pnpm/jsdom@29.1.1_@noble+hashes@2.3.0/node_modules/jsdom/lib/generated/idl/EventListener.js:26:30)
    at innerInvokeEventListeners (/private/tmp/dsh-footer-source.gZQq0j/deepseek-harness-477b4f420553e8a52c2fbccc464d7561b239c443/node_modules/.pnpm/jsdom@29.1.1_@noble+hashes@2.3.0/node_modules/jsdom/lib/jsdom/living/events/EventTarget-impl.js:360:16)
Error: inject boom
    at inject (/private/tmp/dsh-footer-source.gZQq0j/deepseek-harness-477b4f420553e8a52c2fbccc464d7561b239c443/packages/client/ui-renderer/tests/scoped-slots.client.spec.tsx:1050:29)
    at runInject (/private/tmp/dsh-footer-source.gZQq0j/deepseek-harness-477b4f420553e8a52c2fbccc464d7561b239c443/packages/client/ui-renderer/src/client/scoped-slots.tsx:179:29)
    at cachedRootInject (/private/tmp/dsh-footer-source.gZQq0j/deepseek-harness-477b4f420553e8a52c2fbccc464d7561b239c443/packages/client/ui-renderer/src/client/scoped-slots.tsx:254:13)
    at RootEntry (/private/tmp/dsh-footer-source.gZQq0j/deepseek-harness-477b4f420553e8a52c2fbccc464d7561b239c443/packages/client/ui-renderer/src/client/scoped-slots.tsx:777:20)
    at renderWithHooks (/private/tmp/dsh-footer-source.gZQq0j/deepseek-harness-477b4f420553e8a52c2fbccc464d7561b239c443/node_modules/.pnpm/react-dom@18.3.1_react@18.3.1/node_modules/react-dom/cjs/react-dom.development.js:15486:18)
    at mountIndeterminateComponent (/private/tmp/dsh-footer-source.gZQq0j/deepseek-harness-477b4f420553e8a52c2fbccc464d7561b239c443/node_modules/.pnpm/react-dom@18.3.1_react@18.3.1/node_modules/react-dom/cjs/react-dom.development.js:20103:13)
    at beginWork (/private/tmp/dsh-footer-source.gZQq0j/deepseek-harness-477b4f420553e8a52c2fbccc464d7561b239c443/node_modules/.pnpm/react-dom@18.3.1_react@18.3.1/node_modules/react-dom/cjs/react-dom.development.js:21626:16)
    at HTMLUnknownElement.callCallback (/private/tmp/dsh-footer-source.gZQq0j/deepseek-harness-477b4f420553e8a52c2fbccc464d7561b239c443/node_modules/.pnpm/react-dom@18.3.1_react@18.3.1/node_modules/react-dom/cjs/react-dom.development.js:4164:14)
    at HTMLUnknownElement.callTheUserObjectsOperation (/private/tmp/dsh-footer-source.gZQq0j/deepseek-harness-477b4f420553e8a52c2fbccc464d7561b239c443/node_modules/.pnpm/jsdom@29.1.1_@noble+hashes@2.3.0/node_modules/jsdom/lib/generated/idl/EventListener.js:26:30)
    at innerInvokeEventListeners (/private/tmp/dsh-footer-source.gZQq0j/deepseek-harness-477b4f420553e8a52c2fbccc464d7561b239c443/node_modules/.pnpm/jsdom@29.1.1_@noble+hashes@2.3.0/node_modules/jsdom/lib/jsdom/living/events/EventTarget-impl.js:360:16)
 ✓ |thread-safe| packages/client/ui-renderer/tests/scoped-slots.client.spec.tsx (40 tests) 152ms
 ✓ |thread-safe| packages/client/ui-conversation/tests/conversation-assembler.client.spec.ts (35 tests) 21ms
 ✓ |thread-safe| packages/client/ui-slots/tests/type-chain.client.spec.tsx (1 test) 2ms
Error: strict session local slot 'view' from factory 'renderer.scoped-local-factory' rendered without a scope binding
    at BoundFactoryLocalComponent (/private/tmp/dsh-footer-source.gZQq0j/deepseek-harness-477b4f420553e8a52c2fbccc464d7561b239c443/packages/client/ui-renderer/src/client/scoped-slots.tsx:820:15)
    at renderWithHooks (/private/tmp/dsh-footer-source.gZQq0j/deepseek-harness-477b4f420553e8a52c2fbccc464d7561b239c443/node_modules/.pnpm/react-dom@18.3.1_react@18.3.1/node_modules/react-dom/cjs/react-dom.development.js:15486:18)
    at mountIndeterminateComponent (/private/tmp/dsh-footer-source.gZQq0j/deepseek-harness-477b4f420553e8a52c2fbccc464d7561b239c443/node_modules/.pnpm/react-dom@18.3.1_react@18.3.1/node_modules/react-dom/cjs/react-dom.development.js:20103:13)
    at beginWork (/private/tmp/dsh-footer-source.gZQq0j/deepseek-harness-477b4f420553e8a52c2fbccc464d7561b239c443/node_modules/.pnpm/react-dom@18.3.1_react@18.3.1/node_modules/react-dom/cjs/react-dom.development.js:21626:16)
    at HTMLUnknownElement.callCallback (/private/tmp/dsh-footer-source.gZQq0j/deepseek-harness-477b4f420553e8a52c2fbccc464d7561b239c443/node_modules/.pnpm/react-dom@18.3.1_react@18.3.1/node_modules/react-dom/cjs/react-dom.development.js:4164:14)
    at HTMLUnknownElement.callTheUserObjectsOperation (/private/tmp/dsh-footer-source.gZQq0j/deepseek-harness-477b4f420553e8a52c2fbccc464d7561b239c443/node_modules/.pnpm/jsdom@29.1.1_@noble+hashes@2.3.0/node_modules/jsdom/lib/generated/idl/EventListener.js:26:30)
    at innerInvokeEventListeners (/private/tmp/dsh-footer-source.gZQq0j/deepseek-harness-477b4f420553e8a52c2fbccc464d7561b239c443/node_modules/.pnpm/jsdom@29.1.1_@noble+hashes@2.3.0/node_modules/jsdom/lib/jsdom/living/events/EventTarget-impl.js:360:16)
    at invokeEventListeners (/private/tmp/dsh-footer-source.gZQq0j/deepseek-harness-477b4f420553e8a52c2fbccc464d7561b239c443/node_modules/.pnpm/jsdom@29.1.1_@noble+hashes@2.3.0/node_modules/jsdom/lib/jsdom/living/events/EventTarget-impl.js:296:3)
    at HTMLUnknownElementImpl._dispatch (/private/tmp/dsh-footer-source.gZQq0j/deepseek-harness-477b4f420553e8a52c2fbccc464d7561b239c443/node_modules/.pnpm/jsdom@29.1.1_@noble+hashes@2.3.0/node_modules/jsdom/lib/jsdom/living/events/EventTarget-impl.js:243:9)
    at HTMLUnknownElementImpl.dispatchEvent (/private/tmp/dsh-footer-source.gZQq0j/deepseek-harness-477b4f420553e8a52c2fbccc464d7561b239c443/node_modules/.pnpm/jsdom@29.1.1_@noble+hashes@2.3.0/node_modules/jsdom/lib/jsdom/living/events/EventTarget-impl.js:114:17)
Error: strict session local slot 'view' from factory 'renderer.scoped-local-factory' rendered without a scope binding
    at BoundFactoryLocalComponent (/private/tmp/dsh-footer-source.gZQq0j/deepseek-harness-477b4f420553e8a52c2fbccc464d7561b239c443/packages/client/ui-renderer/src/client/scoped-slots.tsx:820:15)
    at renderWithHooks (/private/tmp/dsh-footer-source.gZQq0j/deepseek-harness-477b4f420553e8a52c2fbccc464d7561b239c443/node_modules/.pnpm/react-dom@18.3.1_react@18.3.1/node_modules/react-dom/cjs/react-dom.development.js:15486:18)
    at mountIndeterminateComponent (/private/tmp/dsh-footer-source.gZQq0j/deepseek-harness-477b4f420553e8a52c2fbccc464d7561b239c443/node_modules/.pnpm/react-dom@18.3.1_react@18.3.1/node_modules/react-dom/cjs/react-dom.development.js:20103:13)
    at beginWork (/private/tmp/dsh-footer-source.gZQq0j/deepseek-harness-477b4f420553e8a52c2fbccc464d7561b239c443/node_modules/.pnpm/react-dom@18.3.1_react@18.3.1/node_modules/react-dom/cjs/react-dom.development.js:21626:16)
    at beginWork$1 (/private/tmp/dsh-footer-source.gZQq0j/deepseek-harness-477b4f420553e8a52c2fbccc464d7561b239c443/node_modules/.pnpm/react-dom@18.3.1_react@18.3.1/node_modules/react-dom/cjs/react-dom.development.js:27465:14)
    at performUnitOfWork (/private/tmp/dsh-footer-source.gZQq0j/deepseek-harness-477b4f420553e8a52c2fbccc464d7561b239c443/node_modules/.pnpm/react-dom@18.3.1_react@18.3.1/node_modules/react-dom/cjs/react-dom.development.js:26599:12)
    at workLoopSync (/private/tmp/dsh-footer-source.gZQq0j/deepseek-harness-477b4f420553e8a52c2fbccc464d7561b239c443/node_modules/.pnpm/react-dom@18.3.1_react@18.3.1/node_modules/react-dom/cjs/react-dom.development.js:26505:5)
    at renderRootSync (/private/tmp/dsh-footer-source.gZQq0j/deepseek-harness-477b4f420553e8a52c2fbccc464d7561b239c443/node_modules/.pnpm/react-dom@18.3.1_react@18.3.1/node_modules/react-dom/cjs/react-dom.development.js:26473:7)
    at performSyncWorkOnRoot (/private/tmp/dsh-footer-source.gZQq0j/deepseek-harness-477b4f420553e8a52c2fbccc464d7561b239c443/node_modules/.pnpm/react-dom@18.3.1_react@18.3.1/node_modules/react-dom/cjs/react-dom.development.js:26124:20)
    at flushSyncCallbacks (/private/tmp/dsh-footer-source.gZQq0j/deepseek-harness-477b4f420553e8a52c2fbccc464d7561b239c443/node_modules/.pnpm/react-dom@18.3.1_react@18.3.1/node_modules/react-dom/cjs/react-dom.development.js:12042:22)
Error: strict session local slot 'view' from factory 'renderer.scoped-local-factory' rendered without a scope binding
    at BoundFactoryLocalComponent (/private/tmp/dsh-footer-source.gZQq0j/deepseek-harness-477b4f420553e8a52c2fbccc464d7561b239c443/packages/client/ui-renderer/src/client/scoped-slots.tsx:820:15)
    at renderWithHooks (/private/tmp/dsh-footer-source.gZQq0j/deepseek-harness-477b4f420553e8a52c2fbccc464d7561b239c443/node_modules/.pnpm/react-dom@18.3.1_react@18.3.1/node_modules/react-dom/cjs/react-dom.development.js:15486:18)
    at mountIndeterminateComponent (/private/tmp/dsh-footer-source.gZQq0j/deepseek-harness-477b4f420553e8a52c2fbccc464d7561b239c443/node_modules/.pnpm/react-dom@18.3.1_react@18.3.1/node_modules/react-dom/cjs/react-dom.development.js:20103:13)
    at beginWork (/private/tmp/dsh-footer-source.gZQq0j/deepseek-harness-477b4f420553e8a52c2fbccc464d7561b239c443/node_modules/.pnpm/react-dom@18.3.1_react@18.3.1/node_modules/react-dom/cjs/react-dom.development.js:21626:16)
    at beginWork$1 (/private/tmp/dsh-footer-source.gZQq0j/deepseek-harness-477b4f420553e8a52c2fbccc464d7561b239c443/node_modules/.pnpm/react-dom@18.3.1_react@18.3.1/node_modules/react-dom/cjs/react-dom.development.js:27465:14)
    at performUnitOfWork (/private/tmp/dsh-footer-source.gZQq0j/deepseek-harness-477b4f420553e8a52c2fbccc464d7561b239c443/node_modules/.pnpm/react-dom@18.3.1_react@18.3.1/node_modules/react-dom/cjs/react-dom.development.js:26599:12)
    at workLoopSync (/private/tmp/dsh-footer-source.gZQq0j/deepseek-harness-477b4f420553e8a52c2fbccc464d7561b239c443/node_modules/.pnpm/react-dom@18.3.1_react@18.3.1/node_modules/react-dom/cjs/react-dom.development.js:26505:5)
    at renderRootSync (/private/tmp/dsh-footer-source.gZQq0j/deepseek-harness-477b4f420553e8a52c2fbccc464d7561b239c443/node_modules/.pnpm/react-dom@18.3.1_react@18.3.1/node_modules/react-dom/cjs/react-dom.development.js:26473:7)
    at performSyncWorkOnRoot (/private/tmp/dsh-footer-source.gZQq0j/deepseek-harness-477b4f420553e8a52c2fbccc464d7561b239c443/node_modules/.pnpm/react-dom@18.3.1_react@18.3.1/node_modules/react-dom/cjs/react-dom.development.js:26124:20)
    at flushSyncCallbacks (/private/tmp/dsh-footer-source.gZQq0j/deepseek-harness-477b4f420553e8a52c2fbccc464d7561b239c443/node_modules/.pnpm/react-dom@18.3.1_react@18.3.1/node_modules/react-dom/cjs/react-dom.development.js:12042:22)
Error: strict session local slot 'view' from factory 'renderer.scoped-local-factory' rendered without a scope binding
    at BoundFactoryLocalComponent (/private/tmp/dsh-footer-source.gZQq0j/deepseek-harness-477b4f420553e8a52c2fbccc464d7561b239c443/packages/client/ui-renderer/src/client/scoped-slots.tsx:820:15)
    at renderWithHooks (/private/tmp/dsh-footer-source.gZQq0j/deepseek-harness-477b4f420553e8a52c2fbccc464d7561b239c443/node_modules/.pnpm/react-dom@18.3.1_react@18.3.1/node_modules/react-dom/cjs/react-dom.development.js:15486:18)
    at mountIndeterminateComponent (/private/tmp/dsh-footer-source.gZQq0j/deepseek-harness-477b4f420553e8a52c2fbccc464d7561b239c443/node_modules/.pnpm/react-dom@18.3.1_react@18.3.1/node_modules/react-dom/cjs/react-dom.development.js:20103:13)
    at beginWork (/private/tmp/dsh-footer-source.gZQq0j/deepseek-harness-477b4f420553e8a52c2fbccc464d7561b239c443/node_modules/.pnpm/react-dom@18.3.1_react@18.3.1/node_modules/react-dom/cjs/react-dom.development.js:21626:16)
    at HTMLUnknownElement.callCallback (/private/tmp/dsh-footer-source.gZQq0j/deepseek-harness-477b4f420553e8a52c2fbccc464d7561b239c443/node_modules/.pnpm/react-dom@18.3.1_react@18.3.1/node_modules/react-dom/cjs/react-dom.development.js:4164:14)
    at HTMLUnknownElement.callTheUserObjectsOperation (/private/tmp/dsh-footer-source.gZQq0j/deepseek-harness-477b4f420553e8a52c2fbccc464d7561b239c443/node_modules/.pnpm/jsdom@29.1.1_@noble+hashes@2.3.0/node_modules/jsdom/lib/generated/idl/EventListener.js:26:30)
    at innerInvokeEventListeners (/private/tmp/dsh-footer-source.gZQq0j/deepseek-harness-477b4f420553e8a52c2fbccc464d7561b239c443/node_modules/.pnpm/jsdom@29.1.1_@noble+hashes@2.3.0/node_modules/jsdom/lib/jsdom/living/events/EventTarget-impl.js:360:16)
    at invokeEventListeners (/private/tmp/dsh-footer-source.gZQq0j/deepseek-harness-477b4f420553e8a52c2fbccc464d7561b239c443/node_modules/.pnpm/jsdom@29.1.1_@noble+hashes@2.3.0/node_modules/jsdom/lib/jsdom/living/events/EventTarget-impl.js:296:3)
    at HTMLUnknownElementImpl._dispatch (/private/tmp/dsh-footer-source.gZQq0j/deepseek-harness-477b4f420553e8a52c2fbccc464d7561b239c443/node_modules/.pnpm/jsdom@29.1.1_@noble+hashes@2.3.0/node_modules/jsdom/lib/jsdom/living/events/EventTarget-impl.js:243:9)
    at HTMLUnknownElementImpl.dispatchEvent (/private/tmp/dsh-footer-source.gZQq0j/deepseek-harness-477b4f420553e8a52c2fbccc464d7561b239c443/node_modules/.pnpm/jsdom@29.1.1_@noble+hashes@2.3.0/node_modules/jsdom/lib/jsdom/living/events/EventTarget-impl.js:114:17)
Error: strict session local slot 'view' from factory 'renderer.scoped-local-factory' rendered without a scope binding
    at BoundFactoryLocalComponent (/private/tmp/dsh-footer-source.gZQq0j/deepseek-harness-477b4f420553e8a52c2fbccc464d7561b239c443/packages/client/ui-renderer/src/client/scoped-slots.tsx:820:15)
    at renderWithHooks (/private/tmp/dsh-footer-source.gZQq0j/deepseek-harness-477b4f420553e8a52c2fbccc464d7561b239c443/node_modules/.pnpm/react-dom@18.3.1_react@18.3.1/node_modules/react-dom/cjs/react-dom.development.js:15486:18)
    at mountIndeterminateComponent (/private/tmp/dsh-footer-source.gZQq0j/deepseek-harness-477b4f420553e8a52c2fbccc464d7561b239c443/node_modules/.pnpm/react-dom@18.3.1_react@18.3.1/node_modules/react-dom/cjs/react-dom.development.js:20103:13)
    at beginWork (/private/tmp/dsh-footer-source.gZQq0j/deepseek-harness-477b4f420553e8a52c2fbccc464d7561b239c443/node_modules/.pnpm/react-dom@18.3.1_react@18.3.1/node_modules/react-dom/cjs/react-dom.development.js:21626:16)
    at beginWork$1 (/private/tmp/dsh-footer-source.gZQq0j/deepseek-harness-477b4f420553e8a52c2fbccc464d7561b239c443/node_modules/.pnpm/react-dom@18.3.1_react@18.3.1/node_modules/react-dom/cjs/react-dom.development.js:27465:14)
    at performUnitOfWork (/private/tmp/dsh-footer-source.gZQq0j/deepseek-harness-477b4f420553e8a52c2fbccc464d7561b239c443/node_modules/.pnpm/react-dom@18.3.1_react@18.3.1/node_modules/react-dom/cjs/react-dom.development.js:26599:12)
    at workLoopSync (/private/tmp/dsh-footer-source.gZQq0j/deepseek-harness-477b4f420553e8a52c2fbccc464d7561b239c443/node_modules/.pnpm/react-dom@18.3.1_react@18.3.1/node_modules/react-dom/cjs/react-dom.development.js:26505:5)
    at renderRootSync (/private/tmp/dsh-footer-source.gZQq0j/deepseek-harness-477b4f420553e8a52c2fbccc464d7561b239c443/node_modules/.pnpm/react-dom@18.3.1_react@18.3.1/node_modules/react-dom/cjs/react-dom.development.js:26473:7)
    at recoverFromConcurrentError (/private/tmp/dsh-footer-source.gZQq0j/deepseek-harness-477b4f420553e8a52c2fbccc464d7561b239c443/node_modules/.pnpm/react-dom@18.3.1_react@18.3.1/node_modules/react-dom/cjs/react-dom.development.js:25889:20)
    at performSyncWorkOnRoot (/private/tmp/dsh-footer-source.gZQq0j/deepseek-harness-477b4f420553e8a52c2fbccc464d7561b239c443/node_modules/.pnpm/react-dom@18.3.1_react@18.3.1/node_modules/react-dom/cjs/react-dom.development.js:26135:20)
Error: strict session local slot 'view' from factory 'renderer.scoped-local-factory' rendered without a scope binding
    at BoundFactoryLocalComponent (/private/tmp/dsh-footer-source.gZQq0j/deepseek-harness-477b4f420553e8a52c2fbccc464d7561b239c443/packages/client/ui-renderer/src/client/scoped-slots.tsx:820:15)
    at renderWithHooks (/private/tmp/dsh-footer-source.gZQq0j/deepseek-harness-477b4f420553e8a52c2fbccc464d7561b239c443/node_modules/.pnpm/react-dom@18.3.1_react@18.3.1/node_modules/react-dom/cjs/react-dom.development.js:15486:18)
    at mountIndeterminateComponent (/private/tmp/dsh-footer-source.gZQq0j/deepseek-harness-477b4f420553e8a52c2fbccc464d7561b239c443/node_modules/.pnpm/react-dom@18.3.1_react@18.3.1/node_modules/react-dom/cjs/react-dom.development.js:20103:13)
    at beginWork (/private/tmp/dsh-footer-source.gZQq0j/deepseek-harness-477b4f420553e8a52c2fbccc464d7561b239c443/node_modules/.pnpm/react-dom@18.3.1_react@18.3.1/node_modules/react-dom/cjs/react-dom.development.js:21626:16)
    at beginWork$1 (/private/tmp/dsh-footer-source.gZQq0j/deepseek-harness-477b4f420553e8a52c2fbccc464d7561b239c443/node_modules/.pnpm/react-dom@18.3.1_react@18.3.1/node_modules/react-dom/cjs/react-dom.development.js:27465:14)
    at performUnitOfWork (/private/tmp/dsh-footer-source.gZQq0j/deepseek-harness-477b4f420553e8a52c2fbccc464d7561b239c443/node_modules/.pnpm/react-dom@18.3.1_react@18.3.1/node_modules/react-dom/cjs/react-dom.development.js:26599:12)
    at workLoopSync (/private/tmp/dsh-footer-source.gZQq0j/deepseek-harness-477b4f420553e8a52c2fbccc464d7561b239c443/node_modules/.pnpm/react-dom@18.3.1_react@18.3.1/node_modules/react-dom/cjs/react-dom.development.js:26505:5)
    at renderRootSync (/private/tmp/dsh-footer-source.gZQq0j/deepseek-harness-477b4f420553e8a52c2fbccc464d7561b239c443/node_modules/.pnpm/react-dom@18.3.1_react@18.3.1/node_modules/react-dom/cjs/react-dom.development.js:26473:7)
    at recoverFromConcurrentError (/private/tmp/dsh-footer-source.gZQq0j/deepseek-harness-477b4f420553e8a52c2fbccc464d7561b239c443/node_modules/.pnpm/react-dom@18.3.1_react@18.3.1/node_modules/react-dom/cjs/react-dom.development.js:25889:20)
    at performSyncWorkOnRoot (/private/tmp/dsh-footer-source.gZQq0j/deepseek-harness-477b4f420553e8a52c2fbccc464d7561b239c443/node_modules/.pnpm/react-dom@18.3.1_react@18.3.1/node_modules/react-dom/cjs/react-dom.development.js:26135:20)
Error: crash:bad
    at FactoryBody (/private/tmp/dsh-footer-source.gZQq0j/deepseek-harness-477b4f420553e8a52c2fbccc464d7561b239c443/packages/client/ui-renderer/tests/factory-slots.client.spec.tsx:161:29)
    at renderWithHooks (/private/tmp/dsh-footer-source.gZQq0j/deepseek-harness-477b4f420553e8a52c2fbccc464d7561b239c443/node_modules/.pnpm/react-dom@18.3.1_react@18.3.1/node_modules/react-dom/cjs/react-dom.development.js:15486:18)
    at mountIndeterminateComponent (/private/tmp/dsh-footer-source.gZQq0j/deepseek-harness-477b4f420553e8a52c2fbccc464d7561b239c443/node_modules/.pnpm/react-dom@18.3.1_react@18.3.1/node_modules/react-dom/cjs/react-dom.development.js:20103:13)
    at beginWork (/private/tmp/dsh-footer-source.gZQq0j/deepseek-harness-477b4f420553e8a52c2fbccc464d7561b239c443/node_modules/.pnpm/react-dom@18.3.1_react@18.3.1/node_modules/react-dom/cjs/react-dom.development.js:21626:16)
    at HTMLUnknownElement.callCallback (/private/tmp/dsh-footer-source.gZQq0j/deepseek-harness-477b4f420553e8a52c2fbccc464d7561b239c443/node_modules/.pnpm/react-dom@18.3.1_react@18.3.1/node_modules/react-dom/cjs/react-dom.development.js:4164:14)
    at HTMLUnknownElement.callTheUserObjectsOperation (/private/tmp/dsh-footer-source.gZQq0j/deepseek-harness-477b4f420553e8a52c2fbccc464d7561b239c443/node_modules/.pnpm/jsdom@29.1.1_@noble+hashes@2.3.0/node_modules/jsdom/lib/generated/idl/EventListener.js:26:30)
    at innerInvokeEventListeners (/private/tmp/dsh-footer-source.gZQq0j/deepseek-harness-477b4f420553e8a52c2fbccc464d7561b239c443/node_modules/.pnpm/jsdom@29.1.1_@noble+hashes@2.3.0/node_modules/jsdom/lib/jsdom/living/events/EventTarget-impl.js:360:16)
    at invokeEventListeners (/private/tmp/dsh-footer-source.gZQq0j/deepseek-harness-477b4f420553e8a52c2fbccc464d7561b239c443/node_modules/.pnpm/jsdom@29.1.1_@noble+hashes@2.3.0/node_modules/jsdom/lib/jsdom/living/events/EventTarget-impl.js:296:3)
    at HTMLUnknownElementImpl._dispatch (/private/tmp/dsh-footer-source.gZQq0j/deepseek-harness-477b4f420553e8a52c2fbccc464d7561b239c443/node_modules/.pnpm/jsdom@29.1.1_@noble+hashes@2.3.0/node_modules/jsdom/lib/jsdom/living/events/EventTarget-impl.js:243:9)
    at HTMLUnknownElementImpl.dispatchEvent (/private/tmp/dsh-footer-source.gZQq0j/deepseek-harness-477b4f420553e8a52c2fbccc464d7561b239c443/node_modules/.pnpm/jsdom@29.1.1_@noble+hashes@2.3.0/node_modules/jsdom/lib/jsdom/living/events/EventTarget-impl.js:114:17)
Error: crash:bad
    at FactoryBody (/private/tmp/dsh-footer-source.gZQq0j/deepseek-harness-477b4f420553e8a52c2fbccc464d7561b239c443/packages/client/ui-renderer/tests/factory-slots.client.spec.tsx:161:29)
    at renderWithHooks (/private/tmp/dsh-footer-source.gZQq0j/deepseek-harness-477b4f420553e8a52c2fbccc464d7561b239c443/node_modules/.pnpm/react-dom@18.3.1_react@18.3.1/node_modules/react-dom/cjs/react-dom.development.js:15486:18)
    at mountIndeterminateComponent (/private/tmp/dsh-footer-source.gZQq0j/deepseek-harness-477b4f420553e8a52c2fbccc464d7561b239c443/node_modules/.pnpm/react-dom@18.3.1_react@18.3.1/node_modules/react-dom/cjs/react-dom.development.js:20103:13)
    at beginWork (/private/tmp/dsh-footer-source.gZQq0j/deepseek-harness-477b4f420553e8a52c2fbccc464d7561b239c443/node_modules/.pnpm/react-dom@18.3.1_react@18.3.1/node_modules/react-dom/cjs/react-dom.development.js:21626:16)
    at HTMLUnknownElement.callCallback (/private/tmp/dsh-footer-source.gZQq0j/deepseek-harness-477b4f420553e8a52c2fbccc464d7561b239c443/node_modules/.pnpm/react-dom@18.3.1_react@18.3.1/node_modules/react-dom/cjs/react-dom.development.js:4164:14)
    at HTMLUnknownElement.callTheUserObjectsOperation (/private/tmp/dsh-footer-source.gZQq0j/deepseek-harness-477b4f420553e8a52c2fbccc464d7561b239c443/node_modules/.pnpm/jsdom@29.1.1_@noble+hashes@2.3.0/node_modules/jsdom/lib/generated/idl/EventListener.js:26:30)
    at innerInvokeEventListeners (/private/tmp/dsh-footer-source.gZQq0j/deepseek-harness-477b4f420553e8a52c2fbccc464d7561b239c443/node_modules/.pnpm/jsdom@29.1.1_@noble+hashes@2.3.0/node_modules/jsdom/lib/jsdom/living/events/EventTarget-impl.js:360:16)
    at invokeEventListeners (/private/tmp/dsh-footer-source.gZQq0j/deepseek-harness-477b4f420553e8a52c2fbccc464d7561b239c443/node_modules/.pnpm/jsdom@29.1.1_@noble+hashes@2.3.0/node_modules/jsdom/lib/jsdom/living/events/EventTarget-impl.js:296:3)
    at HTMLUnknownElementImpl._dispatch (/private/tmp/dsh-footer-source.gZQq0j/deepseek-harness-477b4f420553e8a52c2fbccc464d7561b239c443/node_modules/.pnpm/jsdom@29.1.1_@noble+hashes@2.3.0/node_modules/jsdom/lib/jsdom/living/events/EventTarget-impl.js:243:9)
    at HTMLUnknownElementImpl.dispatchEvent (/private/tmp/dsh-footer-source.gZQq0j/deepseek-harness-477b4f420553e8a52c2fbccc464d7561b239c443/node_modules/.pnpm/jsdom@29.1.1_@noble+hashes@2.3.0/node_modules/jsdom/lib/jsdom/living/events/EventTarget-impl.js:114:17)
Error: selected view crashed
    at CrashingView (/private/tmp/dsh-footer-source.gZQq0j/deepseek-harness-477b4f420553e8a52c2fbccc464d7561b239c443/packages/client/ui-renderer/tests/factory-slots.client.spec.tsx:141:9)
    at renderWithHooks (/private/tmp/dsh-footer-source.gZQq0j/deepseek-harness-477b4f420553e8a52c2fbccc464d7561b239c443/node_modules/.pnpm/react-dom@18.3.1_react@18.3.1/node_modules/react-dom/cjs/react-dom.development.js:15486:18)
    at mountIndeterminateComponent (/private/tmp/dsh-footer-source.gZQq0j/deepseek-harness-477b4f420553e8a52c2fbccc464d7561b239c443/node_modules/.pnpm/react-dom@18.3.1_react@18.3.1/node_modules/react-dom/cjs/react-dom.development.js:20103:13)
    at beginWork (/private/tmp/dsh-footer-source.gZQq0j/deepseek-harness-477b4f420553e8a52c2fbccc464d7561b239c443/node_modules/.pnpm/react-dom@18.3.1_react@18.3.1/node_modules/react-dom/cjs/react-dom.development.js:21626:16)
    at HTMLUnknownElement.callCallback (/private/tmp/dsh-footer-source.gZQq0j/deepseek-harness-477b4f420553e8a52c2fbccc464d7561b239c443/node_modules/.pnpm/react-dom@18.3.1_react@18.3.1/node_modules/react-dom/cjs/react-dom.development.js:4164:14)
    at HTMLUnknownElement.callTheUserObjectsOperation (/private/tmp/dsh-footer-source.gZQq0j/deepseek-harness-477b4f420553e8a52c2fbccc464d7561b239c443/node_modules/.pnpm/jsdom@29.1.1_@noble+hashes@2.3.0/node_modules/jsdom/lib/generated/idl/EventListener.js:26:30)
    at innerInvokeEventListeners (/private/tmp/dsh-footer-source.gZQq0j/deepseek-harness-477b4f420553e8a52c2fbccc464d7561b239c443/node_modules/.pnpm/jsdom@29.1.1_@noble+hashes@2.3.0/node_modules/jsdom/lib/jsdom/living/events/EventTarget-impl.js:360:16)
    at invokeEventListeners (/private/tmp/dsh-footer-source.gZQq0j/deepseek-harness-477b4f420553e8a52c2fbccc464d7561b239c443/node_modules/.pnpm/jsdom@29.1.1_@noble+hashes@2.3.0/node_modules/jsdom/lib/jsdom/living/events/EventTarget-impl.js:296:3)
    at HTMLUnknownElementImpl._dispatch (/private/tmp/dsh-footer-source.gZQq0j/deepseek-harness-477b4f420553e8a52c2fbccc464d7561b239c443/node_modules/.pnpm/jsdom@29.1.1_@noble+hashes@2.3.0/node_modules/jsdom/lib/jsdom/living/events/EventTarget-impl.js:243:9)
    at HTMLUnknownElementImpl.dispatchEvent (/private/tmp/dsh-footer-source.gZQq0j/deepseek-harness-477b4f420553e8a52c2fbccc464d7561b239c443/node_modules/.pnpm/jsdom@29.1.1_@noble+hashes@2.3.0/node_modules/jsdom/lib/jsdom/living/events/EventTarget-impl.js:114:17)
Error: selected view crashed
    at CrashingView (/private/tmp/dsh-footer-source.gZQq0j/deepseek-harness-477b4f420553e8a52c2fbccc464d7561b239c443/packages/client/ui-renderer/tests/factory-slots.client.spec.tsx:141:9)
    at renderWithHooks (/private/tmp/dsh-footer-source.gZQq0j/deepseek-harness-477b4f420553e8a52c2fbccc464d7561b239c443/node_modules/.pnpm/react-dom@18.3.1_react@18.3.1/node_modules/react-dom/cjs/react-dom.development.js:15486:18)
    at mountIndeterminateComponent (/private/tmp/dsh-footer-source.gZQq0j/deepseek-harness-477b4f420553e8a52c2fbccc464d7561b239c443/node_modules/.pnpm/react-dom@18.3.1_react@18.3.1/node_modules/react-dom/cjs/react-dom.development.js:20103:13)
    at beginWork (/private/tmp/dsh-footer-source.gZQq0j/deepseek-harness-477b4f420553e8a52c2fbccc464d7561b239c443/node_modules/.pnpm/react-dom@18.3.1_react@18.3.1/node_modules/react-dom/cjs/react-dom.development.js:21626:16)
    at HTMLUnknownElement.callCallback (/private/tmp/dsh-footer-source.gZQq0j/deepseek-harness-477b4f420553e8a52c2fbccc464d7561b239c443/node_modules/.pnpm/react-dom@18.3.1_react@18.3.1/node_modules/react-dom/cjs/react-dom.development.js:4164:14)
    at HTMLUnknownElement.callTheUserObjectsOperation (/private/tmp/dsh-footer-source.gZQq0j/deepseek-harness-477b4f420553e8a52c2fbccc464d7561b239c443/node_modules/.pnpm/jsdom@29.1.1_@noble+hashes@2.3.0/node_modules/jsdom/lib/generated/idl/EventListener.js:26:30)
    at innerInvokeEventListeners (/private/tmp/dsh-footer-source.gZQq0j/deepseek-harness-477b4f420553e8a52c2fbccc464d7561b239c443/node_modules/.pnpm/jsdom@29.1.1_@noble+hashes@2.3.0/node_modules/jsdom/lib/jsdom/living/events/EventTarget-impl.js:360:16)
    at invokeEventListeners (/private/tmp/dsh-footer-source.gZQq0j/deepseek-harness-477b4f420553e8a52c2fbccc464d7561b239c443/node_modules/.pnpm/jsdom@29.1.1_@noble+hashes@2.3.0/node_modules/jsdom/lib/jsdom/living/events/EventTarget-impl.js:296:3)
    at HTMLUnknownElementImpl._dispatch (/private/tmp/dsh-footer-source.gZQq0j/deepseek-harness-477b4f420553e8a52c2fbccc464d7561b239c443/node_modules/.pnpm/jsdom@29.1.1_@noble+hashes@2.3.0/node_modules/jsdom/lib/jsdom/living/events/EventTarget-impl.js:243:9)
    at HTMLUnknownElementImpl.dispatchEvent (/private/tmp/dsh-footer-source.gZQq0j/deepseek-harness-477b4f420553e8a52c2fbccc464d7561b239c443/node_modules/.pnpm/jsdom@29.1.1_@noble+hashes@2.3.0/node_modules/jsdom/lib/jsdom/living/events/EventTarget-impl.js:114:17)
Error: broken session view
    at SessionCrashingView (/private/tmp/dsh-footer-source.gZQq0j/deepseek-harness-477b4f420553e8a52c2fbccc464d7561b239c443/packages/client/ui-renderer/tests/factory-slots.client.spec.tsx:145:37)
    at renderWithHooks (/private/tmp/dsh-footer-source.gZQq0j/deepseek-harness-477b4f420553e8a52c2fbccc464d7561b239c443/node_modules/.pnpm/react-dom@18.3.1_react@18.3.1/node_modules/react-dom/cjs/react-dom.development.js:15486:18)
    at mountIndeterminateComponent (/private/tmp/dsh-footer-source.gZQq0j/deepseek-harness-477b4f420553e8a52c2fbccc464d7561b239c443/node_modules/.pnpm/react-dom@18.3.1_react@18.3.1/node_modules/react-dom/cjs/react-dom.development.js:20103:13)
    at beginWork (/private/tmp/dsh-footer-source.gZQq0j/deepseek-harness-477b4f420553e8a52c2fbccc464d7561b239c443/node_modules/.pnpm/react-dom@18.3.1_react@18.3.1/node_modules/react-dom/cjs/react-dom.development.js:21626:16)
    at HTMLUnknownElement.callCallback (/private/tmp/dsh-footer-source.gZQq0j/deepseek-harness-477b4f420553e8a52c2fbccc464d7561b239c443/node_modules/.pnpm/react-dom@18.3.1_react@18.3.1/node_modules/react-dom/cjs/react-dom.development.js:4164:14)
    at HTMLUnknownElement.callTheUserObjectsOperation (/private/tmp/dsh-footer-source.gZQq0j/deepseek-harness-477b4f420553e8a52c2fbccc464d7561b239c443/node_modules/.pnpm/jsdom@29.1.1_@noble+hashes@2.3.0/node_modules/jsdom/lib/generated/idl/EventListener.js:26:30)
    at innerInvokeEventListeners (/private/tmp/dsh-footer-source.gZQq0j/deepseek-harness-477b4f420553e8a52c2fbccc464d7561b239c443/node_modules/.pnpm/jsdom@29.1.1_@noble+hashes@2.3.0/node_modules/jsdom/lib/jsdom/living/events/EventTarget-impl.js:360:16)
    at invokeEventListeners (/private/tmp/dsh-footer-source.gZQq0j/deepseek-harness-477b4f420553e8a52c2fbccc464d7561b239c443/node_modules/.pnpm/jsdom@29.1.1_@noble+hashes@2.3.0/node_modules/jsdom/lib/jsdom/living/events/EventTarget-impl.js:296:3)
    at HTMLUnknownElementImpl._dispatch (/private/tmp/dsh-footer-source.gZQq0j/deepseek-harness-477b4f420553e8a52c2fbccc464d7561b239c443/node_modules/.pnpm/jsdom@29.1.1_@noble+hashes@2.3.0/node_modules/jsdom/lib/jsdom/living/events/EventTarget-impl.js:243:9)
    at HTMLUnknownElementImpl.dispatchEvent (/private/tmp/dsh-footer-source.gZQq0j/deepseek-harness-477b4f420553e8a52c2fbccc464d7561b239c443/node_modules/.pnpm/jsdom@29.1.1_@noble+hashes@2.3.0/node_modules/jsdom/lib/jsdom/living/events/EventTarget-impl.js:114:17)
Error: broken session view
    at SessionCrashingView (/private/tmp/dsh-footer-source.gZQq0j/deepseek-harness-477b4f420553e8a52c2fbccc464d7561b239c443/packages/client/ui-renderer/tests/factory-slots.client.spec.tsx:145:37)
    at renderWithHooks (/private/tmp/dsh-footer-source.gZQq0j/deepseek-harness-477b4f420553e8a52c2fbccc464d7561b239c443/node_modules/.pnpm/react-dom@18.3.1_react@18.3.1/node_modules/react-dom/cjs/react-dom.development.js:15486:18)
    at mountIndeterminateComponent (/private/tmp/dsh-footer-source.gZQq0j/deepseek-harness-477b4f420553e8a52c2fbccc464d7561b239c443/node_modules/.pnpm/react-dom@18.3.1_react@18.3.1/node_modules/react-dom/cjs/react-dom.development.js:20103:13)
    at beginWork (/private/tmp/dsh-footer-source.gZQq0j/deepseek-harness-477b4f420553e8a52c2fbccc464d7561b239c443/node_modules/.pnpm/react-dom@18.3.1_react@18.3.1/node_modules/react-dom/cjs/react-dom.development.js:21626:16)
    at HTMLUnknownElement.callCallback (/private/tmp/dsh-footer-source.gZQq0j/deepseek-harness-477b4f420553e8a52c2fbccc464d7561b239c443/node_modules/.pnpm/react-dom@18.3.1_react@18.3.1/node_modules/react-dom/cjs/react-dom.development.js:4164:14)
    at HTMLUnknownElement.callTheUserObjectsOperation (/private/tmp/dsh-footer-source.gZQq0j/deepseek-harness-477b4f420553e8a52c2fbccc464d7561b239c443/node_modules/.pnpm/jsdom@29.1.1_@noble+hashes@2.3.0/node_modules/jsdom/lib/generated/idl/EventListener.js:26:30)
    at innerInvokeEventListeners (/private/tmp/dsh-footer-source.gZQq0j/deepseek-harness-477b4f420553e8a52c2fbccc464d7561b239c443/node_modules/.pnpm/jsdom@29.1.1_@noble+hashes@2.3.0/node_modules/jsdom/lib/jsdom/living/events/EventTarget-impl.js:360:16)
    at invokeEventListeners (/private/tmp/dsh-footer-source.gZQq0j/deepseek-harness-477b4f420553e8a52c2fbccc464d7561b239c443/node_modules/.pnpm/jsdom@29.1.1_@noble+hashes@2.3.0/node_modules/jsdom/lib/jsdom/living/events/EventTarget-impl.js:296:3)
    at HTMLUnknownElementImpl._dispatch (/private/tmp/dsh-footer-source.gZQq0j/deepseek-harness-477b4f420553e8a52c2fbccc464d7561b239c443/node_modules/.pnpm/jsdom@29.1.1_@noble+hashes@2.3.0/node_modules/jsdom/lib/jsdom/living/events/EventTarget-impl.js:243:9)
    at HTMLUnknownElementImpl.dispatchEvent (/private/tmp/dsh-footer-source.gZQq0j/deepseek-harness-477b4f420553e8a52c2fbccc464d7561b239c443/node_modules/.pnpm/jsdom@29.1.1_@noble+hashes@2.3.0/node_modules/jsdom/lib/jsdom/living/events/EventTarget-impl.js:114:17)
Error: selected view crashed
    at CrashingView (/private/tmp/dsh-footer-source.gZQq0j/deepseek-harness-477b4f420553e8a52c2fbccc464d7561b239c443/packages/client/ui-renderer/tests/factory-slots.client.spec.tsx:141:9)
    at renderWithHooks (/private/tmp/dsh-footer-source.gZQq0j/deepseek-harness-477b4f420553e8a52c2fbccc464d7561b239c443/node_modules/.pnpm/react-dom@18.3.1_react@18.3.1/node_modules/react-dom/cjs/react-dom.development.js:15486:18)
    at mountIndeterminateComponent (/private/tmp/dsh-footer-source.gZQq0j/deepseek-harness-477b4f420553e8a52c2fbccc464d7561b239c443/node_modules/.pnpm/react-dom@18.3.1_react@18.3.1/node_modules/react-dom/cjs/react-dom.development.js:20103:13)
    at beginWork (/private/tmp/dsh-footer-source.gZQq0j/deepseek-harness-477b4f420553e8a52c2fbccc464d7561b239c443/node_modules/.pnpm/react-dom@18.3.1_react@18.3.1/node_modules/react-dom/cjs/react-dom.development.js:21626:16)
    at HTMLUnknownElement.callCallback (/private/tmp/dsh-footer-source.gZQq0j/deepseek-harness-477b4f420553e8a52c2fbccc464d7561b239c443/node_modules/.pnpm/react-dom@18.3.1_react@18.3.1/node_modules/react-dom/cjs/react-dom.development.js:4164:14)
    at HTMLUnknownElement.callTheUserObjectsOperation (/private/tmp/dsh-footer-source.gZQq0j/deepseek-harness-477b4f420553e8a52c2fbccc464d7561b239c443/node_modules/.pnpm/jsdom@29.1.1_@noble+hashes@2.3.0/node_modules/jsdom/lib/generated/idl/EventListener.js:26:30)
    at innerInvokeEventListeners (/private/tmp/dsh-footer-source.gZQq0j/deepseek-harness-477b4f420553e8a52c2fbccc464d7561b239c443/node_modules/.pnpm/jsdom@29.1.1_@noble+hashes@2.3.0/node_modules/jsdom/lib/jsdom/living/events/EventTarget-impl.js:360:16)
    at invokeEventListeners (/private/tmp/dsh-footer-source.gZQq0j/deepseek-harness-477b4f420553e8a52c2fbccc464d7561b239c443/node_modules/.pnpm/jsdom@29.1.1_@noble+hashes@2.3.0/node_modules/jsdom/lib/jsdom/living/events/EventTarget-impl.js:296:3)
    at HTMLUnknownElementImpl._dispatch (/private/tmp/dsh-footer-source.gZQq0j/deepseek-harness-477b4f420553e8a52c2fbccc464d7561b239c443/node_modules/.pnpm/jsdom@29.1.1_@noble+hashes@2.3.0/node_modules/jsdom/lib/jsdom/living/events/EventTarget-impl.js:243:9)
    at HTMLUnknownElementImpl.dispatchEvent (/private/tmp/dsh-footer-source.gZQq0j/deepseek-harness-477b4f420553e8a52c2fbccc464d7561b239c443/node_modules/.pnpm/jsdom@29.1.1_@noble+hashes@2.3.0/node_modules/jsdom/lib/jsdom/living/events/EventTarget-impl.js:114:17)
Error: selected view crashed
    at CrashingView (/private/tmp/dsh-footer-source.gZQq0j/deepseek-harness-477b4f420553e8a52c2fbccc464d7561b239c443/packages/client/ui-renderer/tests/factory-slots.client.spec.tsx:141:9)
    at renderWithHooks (/private/tmp/dsh-footer-source.gZQq0j/deepseek-harness-477b4f420553e8a52c2fbccc464d7561b239c443/node_modules/.pnpm/react-dom@18.3.1_react@18.3.1/node_modules/react-dom/cjs/react-dom.development.js:15486:18)
    at mountIndeterminateComponent (/private/tmp/dsh-footer-source.gZQq0j/deepseek-harness-477b4f420553e8a52c2fbccc464d7561b239c443/node_modules/.pnpm/react-dom@18.3.1_react@18.3.1/node_modules/react-dom/cjs/react-dom.development.js:20103:13)
    at beginWork (/private/tmp/dsh-footer-source.gZQq0j/deepseek-harness-477b4f420553e8a52c2fbccc464d7561b239c443/node_modules/.pnpm/react-dom@18.3.1_react@18.3.1/node_modules/react-dom/cjs/react-dom.development.js:21626:16)
    at HTMLUnknownElement.callCallback (/private/tmp/dsh-footer-source.gZQq0j/deepseek-harness-477b4f420553e8a52c2fbccc464d7561b239c443/node_modules/.pnpm/react-dom@18.3.1_react@18.3.1/node_modules/react-dom/cjs/react-dom.development.js:4164:14)
    at HTMLUnknownElement.callTheUserObjectsOperation (/private/tmp/dsh-footer-source.gZQq0j/deepseek-harness-477b4f420553e8a52c2fbccc464d7561b239c443/node_modules/.pnpm/jsdom@29.1.1_@noble+hashes@2.3.0/node_modules/jsdom/lib/generated/idl/EventListener.js:26:30)
    at innerInvokeEventListeners (/private/tmp/dsh-footer-source.gZQq0j/deepseek-harness-477b4f420553e8a52c2fbccc464d7561b239c443/node_modules/.pnpm/jsdom@29.1.1_@noble+hashes@2.3.0/node_modules/jsdom/lib/jsdom/living/events/EventTarget-impl.js:360:16)
    at invokeEventListeners (/private/tmp/dsh-footer-source.gZQq0j/deepseek-harness-477b4f420553e8a52c2fbccc464d7561b239c443/node_modules/.pnpm/jsdom@29.1.1_@noble+hashes@2.3.0/node_modules/jsdom/lib/jsdom/living/events/EventTarget-impl.js:296:3)
    at HTMLUnknownElementImpl._dispatch (/private/tmp/dsh-footer-source.gZQq0j/deepseek-harness-477b4f420553e8a52c2fbccc464d7561b239c443/node_modules/.pnpm/jsdom@29.1.1_@noble+hashes@2.3.0/node_modules/jsdom/lib/jsdom/living/events/EventTarget-impl.js:243:9)
    at HTMLUnknownElementImpl.dispatchEvent (/private/tmp/dsh-footer-source.gZQq0j/deepseek-harness-477b4f420553e8a52c2fbccc464d7561b239c443/node_modules/.pnpm/jsdom@29.1.1_@noble+hashes@2.3.0/node_modules/jsdom/lib/jsdom/living/events/EventTarget-impl.js:114:17)
Error: definition unloaded during render
    at /private/tmp/dsh-footer-source.gZQq0j/deepseek-harness-477b4f420553e8a52c2fbccc464d7561b239c443/packages/client/ui-renderer/tests/factory-slots.client.spec.tsx:556:13
    at renderWithHooks (/private/tmp/dsh-footer-source.gZQq0j/deepseek-harness-477b4f420553e8a52c2fbccc464d7561b239c443/node_modules/.pnpm/react-dom@18.3.1_react@18.3.1/node_modules/react-dom/cjs/react-dom.development.js:15486:18)
    at mountIndeterminateComponent (/private/tmp/dsh-footer-source.gZQq0j/deepseek-harness-477b4f420553e8a52c2fbccc464d7561b239c443/node_modules/.pnpm/react-dom@18.3.1_react@18.3.1/node_modules/react-dom/cjs/react-dom.development.js:20103:13)
    at beginWork (/private/tmp/dsh-footer-source.gZQq0j/deepseek-harness-477b4f420553e8a52c2fbccc464d7561b239c443/node_modules/.pnpm/react-dom@18.3.1_react@18.3.1/node_modules/react-dom/cjs/react-dom.development.js:21626:16)
    at HTMLUnknownElement.callCallback (/private/tmp/dsh-footer-source.gZQq0j/deepseek-harness-477b4f420553e8a52c2fbccc464d7561b239c443/node_modules/.pnpm/react-dom@18.3.1_react@18.3.1/node_modules/react-dom/cjs/react-dom.development.js:4164:14)
    at HTMLUnknownElement.callTheUserObjectsOperation (/private/tmp/dsh-footer-source.gZQq0j/deepseek-harness-477b4f420553e8a52c2fbccc464d7561b239c443/node_modules/.pnpm/jsdom@29.1.1_@noble+hashes@2.3.0/node_modules/jsdom/lib/generated/idl/EventListener.js:26:30)
    at innerInvokeEventListeners (/private/tmp/dsh-footer-source.gZQq0j/deepseek-harness-477b4f420553e8a52c2fbccc464d7561b239c443/node_modules/.pnpm/jsdom@29.1.1_@noble+hashes@2.3.0/node_modules/jsdom/lib/jsdom/living/events/EventTarget-impl.js:360:16)
    at invokeEventListeners (/private/tmp/dsh-footer-source.gZQq0j/deepseek-harness-477b4f420553e8a52c2fbccc464d7561b239c443/node_modules/.pnpm/jsdom@29.1.1_@noble+hashes@2.3.0/node_modules/jsdom/lib/jsdom/living/events/EventTarget-impl.js:296:3)
    at HTMLUnknownElementImpl._dispatch (/private/tmp/dsh-footer-source.gZQq0j/deepseek-harness-477b4f420553e8a52c2fbccc464d7561b239c443/node_modules/.pnpm/jsdom@29.1.1_@noble+hashes@2.3.0/node_modules/jsdom/lib/jsdom/living/events/EventTarget-impl.js:243:9)
    at HTMLUnknownElementImpl.dispatchEvent (/private/tmp/dsh-footer-source.gZQq0j/deepseek-harness-477b4f420553e8a52c2fbccc464d7561b239c443/node_modules/.pnpm/jsdom@29.1.1_@noble+hashes@2.3.0/node_modules/jsdom/lib/jsdom/living/events/EventTarget-impl.js:114:17)
Error: definition unloaded during render
    at /private/tmp/dsh-footer-source.gZQq0j/deepseek-harness-477b4f420553e8a52c2fbccc464d7561b239c443/packages/client/ui-renderer/tests/factory-slots.client.spec.tsx:556:13
    at renderWithHooks (/private/tmp/dsh-footer-source.gZQq0j/deepseek-harness-477b4f420553e8a52c2fbccc464d7561b239c443/node_modules/.pnpm/react-dom@18.3.1_react@18.3.1/node_modules/react-dom/cjs/react-dom.development.js:15486:18)
    at mountIndeterminateComponent (/private/tmp/dsh-footer-source.gZQq0j/deepseek-harness-477b4f420553e8a52c2fbccc464d7561b239c443/node_modules/.pnpm/react-dom@18.3.1_react@18.3.1/node_modules/react-dom/cjs/react-dom.development.js:20103:13)
    at beginWork (/private/tmp/dsh-footer-source.gZQq0j/deepseek-harness-477b4f420553e8a52c2fbccc464d7561b239c443/node_modules/.pnpm/react-dom@18.3.1_react@18.3.1/node_modules/react-dom/cjs/react-dom.development.js:21626:16)
    at HTMLUnknownElement.callCallback (/private/tmp/dsh-footer-source.gZQq0j/deepseek-harness-477b4f420553e8a52c2fbccc464d7561b239c443/node_modules/.pnpm/react-dom@18.3.1_react@18.3.1/node_modules/react-dom/cjs/react-dom.development.js:4164:14)
    at HTMLUnknownElement.callTheUserObjectsOperation (/private/tmp/dsh-footer-source.gZQq0j/deepseek-harness-477b4f420553e8a52c2fbccc464d7561b239c443/node_modules/.pnpm/jsdom@29.1.1_@noble+hashes@2.3.0/node_modules/jsdom/lib/generated/idl/EventListener.js:26:30)
    at innerInvokeEventListeners (/private/tmp/dsh-footer-source.gZQq0j/deepseek-harness-477b4f420553e8a52c2fbccc464d7561b239c443/node_modules/.pnpm/jsdom@29.1.1_@noble+hashes@2.3.0/node_modules/jsdom/lib/jsdom/living/events/EventTarget-impl.js:360:16)
    at invokeEventListeners (/private/tmp/dsh-footer-source.gZQq0j/deepseek-harness-477b4f420553e8a52c2fbccc464d7561b239c443/node_modules/.pnpm/jsdom@29.1.1_@noble+hashes@2.3.0/node_modules/jsdom/lib/jsdom/living/events/EventTarget-impl.js:296:3)
    at HTMLUnknownElementImpl._dispatch (/private/tmp/dsh-footer-source.gZQq0j/deepseek-harness-477b4f420553e8a52c2fbccc464d7561b239c443/node_modules/.pnpm/jsdom@29.1.1_@noble+hashes@2.3.0/node_modules/jsdom/lib/jsdom/living/events/EventTarget-impl.js:243:9)
    at HTMLUnknownElementImpl.dispatchEvent (/private/tmp/dsh-footer-source.gZQq0j/deepseek-harness-477b4f420553e8a52c2fbccc464d7561b239c443/node_modules/.pnpm/jsdom@29.1.1_@noble+hashes@2.3.0/node_modules/jsdom/lib/jsdom/living/events/EventTarget-impl.js:114:17)
Error: crash:broken
    at /private/tmp/dsh-footer-source.gZQq0j/deepseek-harness-477b4f420553e8a52c2fbccc464d7561b239c443/packages/client/ui-renderer/tests/factory-slots.client.spec.tsx:582:40
    at renderWithHooks (/private/tmp/dsh-footer-source.gZQq0j/deepseek-harness-477b4f420553e8a52c2fbccc464d7561b239c443/node_modules/.pnpm/react-dom@18.3.1_react@18.3.1/node_modules/react-dom/cjs/react-dom.development.js:15486:18)
    at mountIndeterminateComponent (/private/tmp/dsh-footer-source.gZQq0j/deepseek-harness-477b4f420553e8a52c2fbccc464d7561b239c443/node_modules/.pnpm/react-dom@18.3.1_react@18.3.1/node_modules/react-dom/cjs/react-dom.development.js:20103:13)
    at beginWork (/private/tmp/dsh-footer-source.gZQq0j/deepseek-harness-477b4f420553e8a52c2fbccc464d7561b239c443/node_modules/.pnpm/react-dom@18.3.1_react@18.3.1/node_modules/react-dom/cjs/react-dom.development.js:21626:16)
    at HTMLUnknownElement.callCallback (/private/tmp/dsh-footer-source.gZQq0j/deepseek-harness-477b4f420553e8a52c2fbccc464d7561b239c443/node_modules/.pnpm/react-dom@18.3.1_react@18.3.1/node_modules/react-dom/cjs/react-dom.development.js:4164:14)
    at HTMLUnknownElement.callTheUserObjectsOperation (/private/tmp/dsh-footer-source.gZQq0j/deepseek-harness-477b4f420553e8a52c2fbccc464d7561b239c443/node_modules/.pnpm/jsdom@29.1.1_@noble+hashes@2.3.0/node_modules/jsdom/lib/generated/idl/EventListener.js:26:30)
    at innerInvokeEventListeners (/private/tmp/dsh-footer-source.gZQq0j/deepseek-harness-477b4f420553e8a52c2fbccc464d7561b239c443/node_modules/.pnpm/jsdom@29.1.1_@noble+hashes@2.3.0/node_modules/jsdom/lib/jsdom/living/events/EventTarget-impl.js:360:16)
    at invokeEventListeners (/private/tmp/dsh-footer-source.gZQq0j/deepseek-harness-477b4f420553e8a52c2fbccc464d7561b239c443/node_modules/.pnpm/jsdom@29.1.1_@noble+hashes@2.3.0/node_modules/jsdom/lib/jsdom/living/events/EventTarget-impl.js:296:3)
    at HTMLUnknownElementImpl._dispatch (/private/tmp/dsh-footer-source.gZQq0j/deepseek-harness-477b4f420553e8a52c2fbccc464d7561b239c443/node_modules/.pnpm/jsdom@29.1.1_@noble+hashes@2.3.0/node_modules/jsdom/lib/jsdom/living/events/EventTarget-impl.js:243:9)
    at HTMLUnknownElementImpl.dispatchEvent (/private/tmp/dsh-footer-source.gZQq0j/deepseek-harness-477b4f420553e8a52c2fbccc464d7561b239c443/node_modules/.pnpm/jsdom@29.1.1_@noble+hashes@2.3.0/node_modules/jsdom/lib/jsdom/living/events/EventTarget-impl.js:114:17)
Error: crash:broken
    at /private/tmp/dsh-footer-source.gZQq0j/deepseek-harness-477b4f420553e8a52c2fbccc464d7561b239c443/packages/client/ui-renderer/tests/factory-slots.client.spec.tsx:582:40
    at renderWithHooks (/private/tmp/dsh-footer-source.gZQq0j/deepseek-harness-477b4f420553e8a52c2fbccc464d7561b239c443/node_modules/.pnpm/react-dom@18.3.1_react@18.3.1/node_modules/react-dom/cjs/react-dom.development.js:15486:18)
    at mountIndeterminateComponent (/private/tmp/dsh-footer-source.gZQq0j/deepseek-harness-477b4f420553e8a52c2fbccc464d7561b239c443/node_modules/.pnpm/react-dom@18.3.1_react@18.3.1/node_modules/react-dom/cjs/react-dom.development.js:20103:13)
    at beginWork (/private/tmp/dsh-footer-source.gZQq0j/deepseek-harness-477b4f420553e8a52c2fbccc464d7561b239c443/node_modules/.pnpm/react-dom@18.3.1_react@18.3.1/node_modules/react-dom/cjs/react-dom.development.js:21626:16)
    at HTMLUnknownElement.callCallback (/private/tmp/dsh-footer-source.gZQq0j/deepseek-harness-477b4f420553e8a52c2fbccc464d7561b239c443/node_modules/.pnpm/react-dom@18.3.1_react@18.3.1/node_modules/react-dom/cjs/react-dom.development.js:4164:14)
    at HTMLUnknownElement.callTheUserObjectsOperation (/private/tmp/dsh-footer-source.gZQq0j/deepseek-harness-477b4f420553e8a52c2fbccc464d7561b239c443/node_modules/.pnpm/jsdom@29.1.1_@noble+hashes@2.3.0/node_modules/jsdom/lib/generated/idl/EventListener.js:26:30)
    at innerInvokeEventListeners (/private/tmp/dsh-footer-source.gZQq0j/deepseek-harness-477b4f420553e8a52c2fbccc464d7561b239c443/node_modules/.pnpm/jsdom@29.1.1_@noble+hashes@2.3.0/node_modules/jsdom/lib/jsdom/living/events/EventTarget-impl.js:360:16)
    at invokeEventListeners (/private/tmp/dsh-footer-source.gZQq0j/deepseek-harness-477b4f420553e8a52c2fbccc464d7561b239c443/node_modules/.pnpm/jsdom@29.1.1_@noble+hashes@2.3.0/node_modules/jsdom/lib/jsdom/living/events/EventTarget-impl.js:296:3)
    at HTMLUnknownElementImpl._dispatch (/private/tmp/dsh-footer-source.gZQq0j/deepseek-harness-477b4f420553e8a52c2fbccc464d7561b239c443/node_modules/.pnpm/jsdom@29.1.1_@noble+hashes@2.3.0/node_modules/jsdom/lib/jsdom/living/events/EventTarget-impl.js:243:9)
    at HTMLUnknownElementImpl.dispatchEvent (/private/tmp/dsh-footer-source.gZQq0j/deepseek-harness-477b4f420553e8a52c2fbccc464d7561b239c443/node_modules/.pnpm/jsdom@29.1.1_@noble+hashes@2.3.0/node_modules/jsdom/lib/jsdom/living/events/EventTarget-impl.js:114:17)
Error: broken factory
    at /private/tmp/dsh-footer-source.gZQq0j/deepseek-harness-477b4f420553e8a52c2fbccc464d7561b239c443/packages/client/ui-renderer/tests/factory-slots.client.spec.tsx:610:13
    at renderWithHooks (/private/tmp/dsh-footer-source.gZQq0j/deepseek-harness-477b4f420553e8a52c2fbccc464d7561b239c443/node_modules/.pnpm/react-dom@18.3.1_react@18.3.1/node_modules/react-dom/cjs/react-dom.development.js:15486:18)
    at mountIndeterminateComponent (/private/tmp/dsh-footer-source.gZQq0j/deepseek-harness-477b4f420553e8a52c2fbccc464d7561b239c443/node_modules/.pnpm/react-dom@18.3.1_react@18.3.1/node_modules/react-dom/cjs/react-dom.development.js:20103:13)
    at beginWork (/private/tmp/dsh-footer-source.gZQq0j/deepseek-harness-477b4f420553e8a52c2fbccc464d7561b239c443/node_modules/.pnpm/react-dom@18.3.1_react@18.3.1/node_modules/react-dom/cjs/react-dom.development.js:21626:16)
    at HTMLUnknownElement.callCallback (/private/tmp/dsh-footer-source.gZQq0j/deepseek-harness-477b4f420553e8a52c2fbccc464d7561b239c443/node_modules/.pnpm/react-dom@18.3.1_react@18.3.1/node_modules/react-dom/cjs/react-dom.development.js:4164:14)
    at HTMLUnknownElement.callTheUserObjectsOperation (/private/tmp/dsh-footer-source.gZQq0j/deepseek-harness-477b4f420553e8a52c2fbccc464d7561b239c443/node_modules/.pnpm/jsdom@29.1.1_@noble+hashes@2.3.0/node_modules/jsdom/lib/generated/idl/EventListener.js:26:30)
    at innerInvokeEventListeners (/private/tmp/dsh-footer-source.gZQq0j/deepseek-harness-477b4f420553e8a52c2fbccc464d7561b239c443/node_modules/.pnpm/jsdom@29.1.1_@noble+hashes@2.3.0/node_modules/jsdom/lib/jsdom/living/events/EventTarget-impl.js:360:16)
    at invokeEventListeners (/private/tmp/dsh-footer-source.gZQq0j/deepseek-harness-477b4f420553e8a52c2fbccc464d7561b239c443/node_modules/.pnpm/jsdom@29.1.1_@noble+hashes@2.3.0/node_modules/jsdom/lib/jsdom/living/events/EventTarget-impl.js:296:3)
    at HTMLUnknownElementImpl._dispatch (/private/tmp/dsh-footer-source.gZQq0j/deepseek-harness-477b4f420553e8a52c2fbccc464d7561b239c443/node_modules/.pnpm/jsdom@29.1.1_@noble+hashes@2.3.0/node_modules/jsdom/lib/jsdom/living/events/EventTarget-impl.js:243:9)
    at HTMLUnknownElementImpl.dispatchEvent (/private/tmp/dsh-footer-source.gZQq0j/deepseek-harness-477b4f420553e8a52c2fbccc464d7561b239c443/node_modules/.pnpm/jsdom@29.1.1_@noble+hashes@2.3.0/node_modules/jsdom/lib/jsdom/living/events/EventTarget-impl.js:114:17)
Error: broken factory
    at /private/tmp/dsh-footer-source.gZQq0j/deepseek-harness-477b4f420553e8a52c2fbccc464d7561b239c443/packages/client/ui-renderer/tests/factory-slots.client.spec.tsx:610:13
    at renderWithHooks (/private/tmp/dsh-footer-source.gZQq0j/deepseek-harness-477b4f420553e8a52c2fbccc464d7561b239c443/node_modules/.pnpm/react-dom@18.3.1_react@18.3.1/node_modules/react-dom/cjs/react-dom.development.js:15486:18)
    at mountIndeterminateComponent (/private/tmp/dsh-footer-source.gZQq0j/deepseek-harness-477b4f420553e8a52c2fbccc464d7561b239c443/node_modules/.pnpm/react-dom@18.3.1_react@18.3.1/node_modules/react-dom/cjs/react-dom.development.js:20103:13)
    at beginWork (/private/tmp/dsh-footer-source.gZQq0j/deepseek-harness-477b4f420553e8a52c2fbccc464d7561b239c443/node_modules/.pnpm/react-dom@18.3.1_react@18.3.1/node_modules/react-dom/cjs/react-dom.development.js:21626:16)
    at HTMLUnknownElement.callCallback (/private/tmp/dsh-footer-source.gZQq0j/deepseek-harness-477b4f420553e8a52c2fbccc464d7561b239c443/node_modules/.pnpm/react-dom@18.3.1_react@18.3.1/node_modules/react-dom/cjs/react-dom.development.js:4164:14)
    at HTMLUnknownElement.callTheUserObjectsOperation (/private/tmp/dsh-footer-source.gZQq0j/deepseek-harness-477b4f420553e8a52c2fbccc464d7561b239c443/node_modules/.pnpm/jsdom@29.1.1_@noble+hashes@2.3.0/node_modules/jsdom/lib/generated/idl/EventListener.js:26:30)
    at innerInvokeEventListeners (/private/tmp/dsh-footer-source.gZQq0j/deepseek-harness-477b4f420553e8a52c2fbccc464d7561b239c443/node_modules/.pnpm/jsdom@29.1.1_@noble+hashes@2.3.0/node_modules/jsdom/lib/jsdom/living/events/EventTarget-impl.js:360:16)
    at invokeEventListeners (/private/tmp/dsh-footer-source.gZQq0j/deepseek-harness-477b4f420553e8a52c2fbccc464d7561b239c443/node_modules/.pnpm/jsdom@29.1.1_@noble+hashes@2.3.0/node_modules/jsdom/lib/jsdom/living/events/EventTarget-impl.js:296:3)
    at HTMLUnknownElementImpl._dispatch (/private/tmp/dsh-footer-source.gZQq0j/deepseek-harness-477b4f420553e8a52c2fbccc464d7561b239c443/node_modules/.pnpm/jsdom@29.1.1_@noble+hashes@2.3.0/node_modules/jsdom/lib/jsdom/living/events/EventTarget-impl.js:243:9)
    at HTMLUnknownElementImpl.dispatchEvent (/private/tmp/dsh-footer-source.gZQq0j/deepseek-harness-477b4f420553e8a52c2fbccc464d7561b239c443/node_modules/.pnpm/jsdom@29.1.1_@noble+hashes@2.3.0/node_modules/jsdom/lib/jsdom/living/events/EventTarget-impl.js:114:17)
Error: local slot 'unknown' is not declared by factory 'renderer.factory'
    at FactoryOutlet (/private/tmp/dsh-footer-source.gZQq0j/deepseek-harness-477b4f420553e8a52c2fbccc464d7561b239c443/packages/client/ui-renderer/src/client/scoped-slots.tsx:996:13)
    at renderWithHooks (/private/tmp/dsh-footer-source.gZQq0j/deepseek-harness-477b4f420553e8a52c2fbccc464d7561b239c443/node_modules/.pnpm/react-dom@18.3.1_react@18.3.1/node_modules/react-dom/cjs/react-dom.development.js:15486:18)
    at mountIndeterminateComponent (/private/tmp/dsh-footer-source.gZQq0j/deepseek-harness-477b4f420553e8a52c2fbccc464d7561b239c443/node_modules/.pnpm/react-dom@18.3.1_react@18.3.1/node_modules/react-dom/cjs/react-dom.development.js:20103:13)
    at beginWork (/private/tmp/dsh-footer-source.gZQq0j/deepseek-harness-477b4f420553e8a52c2fbccc464d7561b239c443/node_modules/.pnpm/react-dom@18.3.1_react@18.3.1/node_modules/react-dom/cjs/react-dom.development.js:21626:16)
    at HTMLUnknownElement.callCallback (/private/tmp/dsh-footer-source.gZQq0j/deepseek-harness-477b4f420553e8a52c2fbccc464d7561b239c443/node_modules/.pnpm/react-dom@18.3.1_react@18.3.1/node_modules/react-dom/cjs/react-dom.development.js:4164:14)
    at HTMLUnknownElement.callTheUserObjectsOperation (/private/tmp/dsh-footer-source.gZQq0j/deepseek-harness-477b4f420553e8a52c2fbccc464d7561b239c443/node_modules/.pnpm/jsdom@29.1.1_@noble+hashes@2.3.0/node_modules/jsdom/lib/generated/idl/EventListener.js:26:30)
    at innerInvokeEventListeners (/private/tmp/dsh-footer-source.gZQq0j/deepseek-harness-477b4f420553e8a52c2fbccc464d7561b239c443/node_modules/.pnpm/jsdom@29.1.1_@noble+hashes@2.3.0/node_modules/jsdom/lib/jsdom/living/events/EventTarget-impl.js:360:16)
    at invokeEventListeners (/private/tmp/dsh-footer-source.gZQq0j/deepseek-harness-477b4f420553e8a52c2fbccc464d7561b239c443/node_modules/.pnpm/jsdom@29.1.1_@noble+hashes@2.3.0/node_modules/jsdom/lib/jsdom/living/events/EventTarget-impl.js:296:3)
    at HTMLUnknownElementImpl._dispatch (/private/tmp/dsh-footer-source.gZQq0j/deepseek-harness-477b4f420553e8a52c2fbccc464d7561b239c443/node_modules/.pnpm/jsdom@29.1.1_@noble+hashes@2.3.0/node_modules/jsdom/lib/jsdom/living/events/EventTarget-impl.js:243:9)
    at HTMLUnknownElementImpl.dispatchEvent (/private/tmp/dsh-footer-source.gZQq0j/deepseek-harness-477b4f420553e8a52c2fbccc464d7561b239c443/node_modules/.pnpm/jsdom@29.1.1_@noble+hashes@2.3.0/node_modules/jsdom/lib/jsdom/living/events/EventTarget-impl.js:114:17)
Error: local slot 'unknown' is not declared by factory 'renderer.factory'
    at FactoryOutlet (/private/tmp/dsh-footer-source.gZQq0j/deepseek-harness-477b4f420553e8a52c2fbccc464d7561b239c443/packages/client/ui-renderer/src/client/scoped-slots.tsx:996:13)
    at renderWithHooks (/private/tmp/dsh-footer-source.gZQq0j/deepseek-harness-477b4f420553e8a52c2fbccc464d7561b239c443/node_modules/.pnpm/react-dom@18.3.1_react@18.3.1/node_modules/react-dom/cjs/react-dom.development.js:15486:18)
    at mountIndeterminateComponent (/private/tmp/dsh-footer-source.gZQq0j/deepseek-harness-477b4f420553e8a52c2fbccc464d7561b239c443/node_modules/.pnpm/react-dom@18.3.1_react@18.3.1/node_modules/react-dom/cjs/react-dom.development.js:20103:13)
    at beginWork (/private/tmp/dsh-footer-source.gZQq0j/deepseek-harness-477b4f420553e8a52c2fbccc464d7561b239c443/node_modules/.pnpm/react-dom@18.3.1_react@18.3.1/node_modules/react-dom/cjs/react-dom.development.js:21626:16)
    at HTMLUnknownElement.callCallback (/private/tmp/dsh-footer-source.gZQq0j/deepseek-harness-477b4f420553e8a52c2fbccc464d7561b239c443/node_modules/.pnpm/react-dom@18.3.1_react@18.3.1/node_modules/react-dom/cjs/react-dom.development.js:4164:14)
    at HTMLUnknownElement.callTheUserObjectsOperation (/private/tmp/dsh-footer-source.gZQq0j/deepseek-harness-477b4f420553e8a52c2fbccc464d7561b239c443/node_modules/.pnpm/jsdom@29.1.1_@noble+hashes@2.3.0/node_modules/jsdom/lib/generated/idl/EventListener.js:26:30)
    at innerInvokeEventListeners (/private/tmp/dsh-footer-source.gZQq0j/deepseek-harness-477b4f420553e8a52c2fbccc464d7561b239c443/node_modules/.pnpm/jsdom@29.1.1_@noble+hashes@2.3.0/node_modules/jsdom/lib/jsdom/living/events/EventTarget-impl.js:360:16)
    at invokeEventListeners (/private/tmp/dsh-footer-source.gZQq0j/deepseek-harness-477b4f420553e8a52c2fbccc464d7561b239c443/node_modules/.pnpm/jsdom@29.1.1_@noble+hashes@2.3.0/node_modules/jsdom/lib/jsdom/living/events/EventTarget-impl.js:296:3)
    at HTMLUnknownElementImpl._dispatch (/private/tmp/dsh-footer-source.gZQq0j/deepseek-harness-477b4f420553e8a52c2fbccc464d7561b239c443/node_modules/.pnpm/jsdom@29.1.1_@noble+hashes@2.3.0/node_modules/jsdom/lib/jsdom/living/events/EventTarget-impl.js:243:9)
    at HTMLUnknownElementImpl.dispatchEvent (/private/tmp/dsh-footer-source.gZQq0j/deepseek-harness-477b4f420553e8a52c2fbccc464d7561b239c443/node_modules/.pnpm/jsdom@29.1.1_@noble+hashes@2.3.0/node_modules/jsdom/lib/jsdom/living/events/EventTarget-impl.js:114:17)
Error: recursive render of factory 'renderer.recursive-factory'
    at FactoryOutlet (/private/tmp/dsh-footer-source.gZQq0j/deepseek-harness-477b4f420553e8a52c2fbccc464d7561b239c443/packages/client/ui-renderer/src/client/scoped-slots.tsx:993:34)
    at renderWithHooks (/private/tmp/dsh-footer-source.gZQq0j/deepseek-harness-477b4f420553e8a52c2fbccc464d7561b239c443/node_modules/.pnpm/react-dom@18.3.1_react@18.3.1/node_modules/react-dom/cjs/react-dom.development.js:15486:18)
    at mountIndeterminateComponent (/private/tmp/dsh-footer-source.gZQq0j/deepseek-harness-477b4f420553e8a52c2fbccc464d7561b239c443/node_modules/.pnpm/react-dom@18.3.1_react@18.3.1/node_modules/react-dom/cjs/react-dom.development.js:20103:13)
    at beginWork (/private/tmp/dsh-footer-source.gZQq0j/deepseek-harness-477b4f420553e8a52c2fbccc464d7561b239c443/node_modules/.pnpm/react-dom@18.3.1_react@18.3.1/node_modules/react-dom/cjs/react-dom.development.js:21626:16)
    at HTMLUnknownElement.callCallback (/private/tmp/dsh-footer-source.gZQq0j/deepseek-harness-477b4f420553e8a52c2fbccc464d7561b239c443/node_modules/.pnpm/react-dom@18.3.1_react@18.3.1/node_modules/react-dom/cjs/react-dom.development.js:4164:14)
    at HTMLUnknownElement.callTheUserObjectsOperation (/private/tmp/dsh-footer-source.gZQq0j/deepseek-harness-477b4f420553e8a52c2fbccc464d7561b239c443/node_modules/.pnpm/jsdom@29.1.1_@noble+hashes@2.3.0/node_modules/jsdom/lib/generated/idl/EventListener.js:26:30)
    at innerInvokeEventListeners (/private/tmp/dsh-footer-source.gZQq0j/deepseek-harness-477b4f420553e8a52c2fbccc464d7561b239c443/node_modules/.pnpm/jsdom@29.1.1_@noble+hashes@2.3.0/node_modules/jsdom/lib/jsdom/living/events/EventTarget-impl.js:360:16)
    at invokeEventListeners (/private/tmp/dsh-footer-source.gZQq0j/deepseek-harness-477b4f420553e8a52c2fbccc464d7561b239c443/node_modules/.pnpm/jsdom@29.1.1_@noble+hashes@2.3.0/node_modules/jsdom/lib/jsdom/living/events/EventTarget-impl.js:296:3)
    at HTMLUnknownElementImpl._dispatch (/private/tmp/dsh-footer-source.gZQq0j/deepseek-harness-477b4f420553e8a52c2fbccc464d7561b239c443/node_modules/.pnpm/jsdom@29.1.1_@noble+hashes@2.3.0/node_modules/jsdom/lib/jsdom/living/events/EventTarget-impl.js:243:9)
    at HTMLUnknownElementImpl.dispatchEvent (/private/tmp/dsh-footer-source.gZQq0j/deepseek-harness-477b4f420553e8a52c2fbccc464d7561b239c443/node_modules/.pnpm/jsdom@29.1.1_@noble+hashes@2.3.0/node_modules/jsdom/lib/jsdom/living/events/EventTarget-impl.js:114:17)
Error: recursive render of factory 'renderer.recursive-factory'
    at FactoryOutlet (/private/tmp/dsh-footer-source.gZQq0j/deepseek-harness-477b4f420553e8a52c2fbccc464d7561b239c443/packages/client/ui-renderer/src/client/scoped-slots.tsx:993:34)
    at renderWithHooks (/private/tmp/dsh-footer-source.gZQq0j/deepseek-harness-477b4f420553e8a52c2fbccc464d7561b239c443/node_modules/.pnpm/react-dom@18.3.1_react@18.3.1/node_modules/react-dom/cjs/react-dom.development.js:15486:18)
    at mountIndeterminateComponent (/private/tmp/dsh-footer-source.gZQq0j/deepseek-harness-477b4f420553e8a52c2fbccc464d7561b239c443/node_modules/.pnpm/react-dom@18.3.1_react@18.3.1/node_modules/react-dom/cjs/react-dom.development.js:20103:13)
    at beginWork (/private/tmp/dsh-footer-source.gZQq0j/deepseek-harness-477b4f420553e8a52c2fbccc464d7561b239c443/node_modules/.pnpm/react-dom@18.3.1_react@18.3.1/node_modules/react-dom/cjs/react-dom.development.js:21626:16)
    at HTMLUnknownElement.callCallback (/private/tmp/dsh-footer-source.gZQq0j/deepseek-harness-477b4f420553e8a52c2fbccc464d7561b239c443/node_modules/.pnpm/react-dom@18.3.1_react@18.3.1/node_modules/react-dom/cjs/react-dom.development.js:4164:14)
    at HTMLUnknownElement.callTheUserObjectsOperation (/private/tmp/dsh-footer-source.gZQq0j/deepseek-harness-477b4f420553e8a52c2fbccc464d7561b239c443/node_modules/.pnpm/jsdom@29.1.1_@noble+hashes@2.3.0/node_modules/jsdom/lib/generated/idl/EventListener.js:26:30)
    at innerInvokeEventListeners (/private/tmp/dsh-footer-source.gZQq0j/deepseek-harness-477b4f420553e8a52c2fbccc464d7561b239c443/node_modules/.pnpm/jsdom@29.1.1_@noble+hashes@2.3.0/node_modules/jsdom/lib/jsdom/living/events/EventTarget-impl.js:360:16)
    at invokeEventListeners (/private/tmp/dsh-footer-source.gZQq0j/deepseek-harness-477b4f420553e8a52c2fbccc464d7561b239c443/node_modules/.pnpm/jsdom@29.1.1_@noble+hashes@2.3.0/node_modules/jsdom/lib/jsdom/living/events/EventTarget-impl.js:296:3)
    at HTMLUnknownElementImpl._dispatch (/private/tmp/dsh-footer-source.gZQq0j/deepseek-harness-477b4f420553e8a52c2fbccc464d7561b239c443/node_modules/.pnpm/jsdom@29.1.1_@noble+hashes@2.3.0/node_modules/jsdom/lib/jsdom/living/events/EventTarget-impl.js:243:9)
    at HTMLUnknownElementImpl.dispatchEvent (/private/tmp/dsh-footer-source.gZQq0j/deepseek-harness-477b4f420553e8a52c2fbccc464d7561b239c443/node_modules/.pnpm/jsdom@29.1.1_@noble+hashes@2.3.0/node_modules/jsdom/lib/jsdom/living/events/EventTarget-impl.js:114:17)
Error: factory 'renderer.factory' occurrence received duplicate prop 'actions'
    at assertNoPropOverlap (/private/tmp/dsh-footer-source.gZQq0j/deepseek-harness-477b4f420553e8a52c2fbccc464d7561b239c443/packages/client/ui-renderer/src/client/scoped-slots.tsx:853:13)
    at FactoryOccurrenceBody (/private/tmp/dsh-footer-source.gZQq0j/deepseek-harness-477b4f420553e8a52c2fbccc464d7561b239c443/packages/client/ui-renderer/src/client/scoped-slots.tsx:959:3)
    at renderWithHooks (/private/tmp/dsh-footer-source.gZQq0j/deepseek-harness-477b4f420553e8a52c2fbccc464d7561b239c443/node_modules/.pnpm/react-dom@18.3.1_react@18.3.1/node_modules/react-dom/cjs/react-dom.development.js:15486:18)
    at mountIndeterminateComponent (/private/tmp/dsh-footer-source.gZQq0j/deepseek-harness-477b4f420553e8a52c2fbccc464d7561b239c443/node_modules/.pnpm/react-dom@18.3.1_react@18.3.1/node_modules/react-dom/cjs/react-dom.development.js:20103:13)
    at beginWork (/private/tmp/dsh-footer-source.gZQq0j/deepseek-harness-477b4f420553e8a52c2fbccc464d7561b239c443/node_modules/.pnpm/react-dom@18.3.1_react@18.3.1/node_modules/react-dom/cjs/react-dom.development.js:21626:16)
    at HTMLUnknownElement.callCallback (/private/tmp/dsh-footer-source.gZQq0j/deepseek-harness-477b4f420553e8a52c2fbccc464d7561b239c443/node_modules/.pnpm/react-dom@18.3.1_react@18.3.1/node_modules/react-dom/cjs/react-dom.development.js:4164:14)
    at HTMLUnknownElement.callTheUserObjectsOperation (/private/tmp/dsh-footer-source.gZQq0j/deepseek-harness-477b4f420553e8a52c2fbccc464d7561b239c443/node_modules/.pnpm/jsdom@29.1.1_@noble+hashes@2.3.0/node_modules/jsdom/lib/generated/idl/EventListener.js:26:30)
    at innerInvokeEventListeners (/private/tmp/dsh-footer-source.gZQq0j/deepseek-harness-477b4f420553e8a52c2fbccc464d7561b239c443/node_modules/.pnpm/jsdom@29.1.1_@noble+hashes@2.3.0/node_modules/jsdom/lib/jsdom/living/events/EventTarget-impl.js:360:16)
    at invokeEventListeners (/private/tmp/dsh-footer-source.gZQq0j/deepseek-harness-477b4f420553e8a52c2fbccc464d7561b239c443/node_modules/.pnpm/jsdom@29.1.1_@noble+hashes@2.3.0/node_modules/jsdom/lib/jsdom/living/events/EventTarget-impl.js:296:3)
    at HTMLUnknownElementImpl._dispatch (/private/tmp/dsh-footer-source.gZQq0j/deepseek-harness-477b4f420553e8a52c2fbccc464d7561b239c443/node_modules/.pnpm/jsdom@29.1.1_@noble+hashes@2.3.0/node_modules/jsdom/lib/jsdom/living/events/EventTarget-impl.js:243:9)
Error: factory 'renderer.factory' occurrence received duplicate prop 'actions'
    at assertNoPropOverlap (/private/tmp/dsh-footer-source.gZQq0j/deepseek-harness-477b4f420553e8a52c2fbccc464d7561b239c443/packages/client/ui-renderer/src/client/scoped-slots.tsx:853:13)
    at FactoryOccurrenceBody (/private/tmp/dsh-footer-source.gZQq0j/deepseek-harness-477b4f420553e8a52c2fbccc464d7561b239c443/packages/client/ui-renderer/src/client/scoped-slots.tsx:959:3)
    at renderWithHooks (/private/tmp/dsh-footer-source.gZQq0j/deepseek-harness-477b4f420553e8a52c2fbccc464d7561b239c443/node_modules/.pnpm/react-dom@18.3.1_react@18.3.1/node_modules/react-dom/cjs/react-dom.development.js:15486:18)
    at mountIndeterminateComponent (/private/tmp/dsh-footer-source.gZQq0j/deepseek-harness-477b4f420553e8a52c2fbccc464d7561b239c443/node_modules/.pnpm/react-dom@18.3.1_react@18.3.1/node_modules/react-dom/cjs/react-dom.development.js:20103:13)
    at beginWork (/private/tmp/dsh-footer-source.gZQq0j/deepseek-harness-477b4f420553e8a52c2fbccc464d7561b239c443/node_modules/.pnpm/react-dom@18.3.1_react@18.3.1/node_modules/react-dom/cjs/react-dom.development.js:21626:16)
    at beginWork$1 (/private/tmp/dsh-footer-source.gZQq0j/deepseek-harness-477b4f420553e8a52c2fbccc464d7561b239c443/node_modules/.pnpm/react-dom@18.3.1_react@18.3.1/node_modules/react-dom/cjs/react-dom.development.js:27465:14)
    at performUnitOfWork (/private/tmp/dsh-footer-source.gZQq0j/deepseek-harness-477b4f420553e8a52c2fbccc464d7561b239c443/node_modules/.pnpm/react-dom@18.3.1_react@18.3.1/node_modules/react-dom/cjs/react-dom.development.js:26599:12)
    at workLoopSync (/private/tmp/dsh-footer-source.gZQq0j/deepseek-harness-477b4f420553e8a52c2fbccc464d7561b239c443/node_modules/.pnpm/react-dom@18.3.1_react@18.3.1/node_modules/react-dom/cjs/react-dom.development.js:26505:5)
    at renderRootSync (/private/tmp/dsh-footer-source.gZQq0j/deepseek-harness-477b4f420553e8a52c2fbccc464d7561b239c443/node_modules/.pnpm/react-dom@18.3.1_react@18.3.1/node_modules/react-dom/cjs/react-dom.development.js:26473:7)
    at performSyncWorkOnRoot (/private/tmp/dsh-footer-source.gZQq0j/deepseek-harness-477b4f420553e8a52c2fbccc464d7561b239c443/node_modules/.pnpm/react-dom@18.3.1_react@18.3.1/node_modules/react-dom/cjs/react-dom.development.js:26124:20)
Error: factory 'renderer.factory' occurrence received duplicate prop 'actions'
    at assertNoPropOverlap (/private/tmp/dsh-footer-source.gZQq0j/deepseek-harness-477b4f420553e8a52c2fbccc464d7561b239c443/packages/client/ui-renderer/src/client/scoped-slots.tsx:853:13)
    at FactoryOccurrenceBody (/private/tmp/dsh-footer-source.gZQq0j/deepseek-harness-477b4f420553e8a52c2fbccc464d7561b239c443/packages/client/ui-renderer/src/client/scoped-slots.tsx:959:3)
    at renderWithHooks (/private/tmp/dsh-footer-source.gZQq0j/deepseek-harness-477b4f420553e8a52c2fbccc464d7561b239c443/node_modules/.pnpm/react-dom@18.3.1_react@18.3.1/node_modules/react-dom/cjs/react-dom.development.js:15486:18)
    at mountIndeterminateComponent (/private/tmp/dsh-footer-source.gZQq0j/deepseek-harness-477b4f420553e8a52c2fbccc464d7561b239c443/node_modules/.pnpm/react-dom@18.3.1_react@18.3.1/node_modules/react-dom/cjs/react-dom.development.js:20103:13)
    at beginWork (/private/tmp/dsh-footer-source.gZQq0j/deepseek-harness-477b4f420553e8a52c2fbccc464d7561b239c443/node_modules/.pnpm/react-dom@18.3.1_react@18.3.1/node_modules/react-dom/cjs/react-dom.development.js:21626:16)
    at beginWork$1 (/private/tmp/dsh-footer-source.gZQq0j/deepseek-harness-477b4f420553e8a52c2fbccc464d7561b239c443/node_modules/.pnpm/react-dom@18.3.1_react@18.3.1/node_modules/react-dom/cjs/react-dom.development.js:27465:14)
    at performUnitOfWork (/private/tmp/dsh-footer-source.gZQq0j/deepseek-harness-477b4f420553e8a52c2fbccc464d7561b239c443/node_modules/.pnpm/react-dom@18.3.1_react@18.3.1/node_modules/react-dom/cjs/react-dom.development.js:26599:12)
    at workLoopSync (/private/tmp/dsh-footer-source.gZQq0j/deepseek-harness-477b4f420553e8a52c2fbccc464d7561b239c443/node_modules/.pnpm/react-dom@18.3.1_react@18.3.1/node_modules/react-dom/cjs/react-dom.development.js:26505:5)
    at renderRootSync (/private/tmp/dsh-footer-source.gZQq0j/deepseek-harness-477b4f420553e8a52c2fbccc464d7561b239c443/node_modules/.pnpm/react-dom@18.3.1_react@18.3.1/node_modules/react-dom/cjs/react-dom.development.js:26473:7)
    at performSyncWorkOnRoot (/private/tmp/dsh-footer-source.gZQq0j/deepseek-harness-477b4f420553e8a52c2fbccc464d7561b239c443/node_modules/.pnpm/react-dom@18.3.1_react@18.3.1/node_modules/react-dom/cjs/react-dom.development.js:26124:20)
Error: factory 'renderer.factory' occurrence received duplicate prop 'actions'
    at assertNoPropOverlap (/private/tmp/dsh-footer-source.gZQq0j/deepseek-harness-477b4f420553e8a52c2fbccc464d7561b239c443/packages/client/ui-renderer/src/client/scoped-slots.tsx:853:13)
    at FactoryOccurrenceBody (/private/tmp/dsh-footer-source.gZQq0j/deepseek-harness-477b4f420553e8a52c2fbccc464d7561b239c443/packages/client/ui-renderer/src/client/scoped-slots.tsx:959:3)
    at renderWithHooks (/private/tmp/dsh-footer-source.gZQq0j/deepseek-harness-477b4f420553e8a52c2fbccc464d7561b239c443/node_modules/.pnpm/react-dom@18.3.1_react@18.3.1/node_modules/react-dom/cjs/react-dom.development.js:15486:18)
    at mountIndeterminateComponent (/private/tmp/dsh-footer-source.gZQq0j/deepseek-harness-477b4f420553e8a52c2fbccc464d7561b239c443/node_modules/.pnpm/react-dom@18.3.1_react@18.3.1/node_modules/react-dom/cjs/react-dom.development.js:20103:13)
    at beginWork (/private/tmp/dsh-footer-source.gZQq0j/deepseek-harness-477b4f420553e8a52c2fbccc464d7561b239c443/node_modules/.pnpm/react-dom@18.3.1_react@18.3.1/node_modules/react-dom/cjs/react-dom.development.js:21626:16)
    at HTMLUnknownElement.callCallback (/private/tmp/dsh-footer-source.gZQq0j/deepseek-harness-477b4f420553e8a52c2fbccc464d7561b239c443/node_modules/.pnpm/react-dom@18.3.1_react@18.3.1/node_modules/react-dom/cjs/react-dom.development.js:4164:14)
    at HTMLUnknownElement.callTheUserObjectsOperation (/private/tmp/dsh-footer-source.gZQq0j/deepseek-harness-477b4f420553e8a52c2fbccc464d7561b239c443/node_modules/.pnpm/jsdom@29.1.1_@noble+hashes@2.3.0/node_modules/jsdom/lib/generated/idl/EventListener.js:26:30)
    at innerInvokeEventListeners (/private/tmp/dsh-footer-source.gZQq0j/deepseek-harness-477b4f420553e8a52c2fbccc464d7561b239c443/node_modules/.pnpm/jsdom@29.1.1_@noble+hashes@2.3.0/node_modules/jsdom/lib/jsdom/living/events/EventTarget-impl.js:360:16)
    at invokeEventListeners (/private/tmp/dsh-footer-source.gZQq0j/deepseek-harness-477b4f420553e8a52c2fbccc464d7561b239c443/node_modules/.pnpm/jsdom@29.1.1_@noble+hashes@2.3.0/node_modules/jsdom/lib/jsdom/living/events/EventTarget-impl.js:296:3)
    at HTMLUnknownElementImpl._dispatch (/private/tmp/dsh-footer-source.gZQq0j/deepseek-harness-477b4f420553e8a52c2fbccc464d7561b239c443/node_modules/.pnpm/jsdom@29.1.1_@noble+hashes@2.3.0/node_modules/jsdom/lib/jsdom/living/events/EventTarget-impl.js:243:9)
Error: factory 'renderer.factory' occurrence received duplicate prop 'actions'
    at assertNoPropOverlap (/private/tmp/dsh-footer-source.gZQq0j/deepseek-harness-477b4f420553e8a52c2fbccc464d7561b239c443/packages/client/ui-renderer/src/client/scoped-slots.tsx:853:13)
    at FactoryOccurrenceBody (/private/tmp/dsh-footer-source.gZQq0j/deepseek-harness-477b4f420553e8a52c2fbccc464d7561b239c443/packages/client/ui-renderer/src/client/scoped-slots.tsx:959:3)
    at renderWithHooks (/private/tmp/dsh-footer-source.gZQq0j/deepseek-harness-477b4f420553e8a52c2fbccc464d7561b239c443/node_modules/.pnpm/react-dom@18.3.1_react@18.3.1/node_modules/react-dom/cjs/react-dom.development.js:15486:18)
    at mountIndeterminateComponent (/private/tmp/dsh-footer-source.gZQq0j/deepseek-harness-477b4f420553e8a52c2fbccc464d7561b239c443/node_modules/.pnpm/react-dom@18.3.1_react@18.3.1/node_modules/react-dom/cjs/react-dom.development.js:20103:13)
    at beginWork (/private/tmp/dsh-footer-source.gZQq0j/deepseek-harness-477b4f420553e8a52c2fbccc464d7561b239c443/node_modules/.pnpm/react-dom@18.3.1_react@18.3.1/node_modules/react-dom/cjs/react-dom.development.js:21626:16)
    at beginWork$1 (/private/tmp/dsh-footer-source.gZQq0j/deepseek-harness-477b4f420553e8a52c2fbccc464d7561b239c443/node_modules/.pnpm/react-dom@18.3.1_react@18.3.1/node_modules/react-dom/cjs/react-dom.development.js:27465:14)
    at performUnitOfWork (/private/tmp/dsh-footer-source.gZQq0j/deepseek-harness-477b4f420553e8a52c2fbccc464d7561b239c443/node_modules/.pnpm/react-dom@18.3.1_react@18.3.1/node_modules/react-dom/cjs/react-dom.development.js:26599:12)
    at workLoopSync (/private/tmp/dsh-footer-source.gZQq0j/deepseek-harness-477b4f420553e8a52c2fbccc464d7561b239c443/node_modules/.pnpm/react-dom@18.3.1_react@18.3.1/node_modules/react-dom/cjs/react-dom.development.js:26505:5)
    at renderRootSync (/private/tmp/dsh-footer-source.gZQq0j/deepseek-harness-477b4f420553e8a52c2fbccc464d7561b239c443/node_modules/.pnpm/react-dom@18.3.1_react@18.3.1/node_modules/react-dom/cjs/react-dom.development.js:26473:7)
    at recoverFromConcurrentError (/private/tmp/dsh-footer-source.gZQq0j/deepseek-harness-477b4f420553e8a52c2fbccc464d7561b239c443/node_modules/.pnpm/react-dom@18.3.1_react@18.3.1/node_modules/react-dom/cjs/react-dom.development.js:25889:20)
Error: factory 'renderer.factory' occurrence received duplicate prop 'actions'
    at assertNoPropOverlap (/private/tmp/dsh-footer-source.gZQq0j/deepseek-harness-477b4f420553e8a52c2fbccc464d7561b239c443/packages/client/ui-renderer/src/client/scoped-slots.tsx:853:13)
    at FactoryOccurrenceBody (/private/tmp/dsh-footer-source.gZQq0j/deepseek-harness-477b4f420553e8a52c2fbccc464d7561b239c443/packages/client/ui-renderer/src/client/scoped-slots.tsx:959:3)
    at renderWithHooks (/private/tmp/dsh-footer-source.gZQq0j/deepseek-harness-477b4f420553e8a52c2fbccc464d7561b239c443/node_modules/.pnpm/react-dom@18.3.1_react@18.3.1/node_modules/react-dom/cjs/react-dom.development.js:15486:18)
    at mountIndeterminateComponent (/private/tmp/dsh-footer-source.gZQq0j/deepseek-harness-477b4f420553e8a52c2fbccc464d7561b239c443/node_modules/.pnpm/react-dom@18.3.1_react@18.3.1/node_modules/react-dom/cjs/react-dom.development.js:20103:13)
    at beginWork (/private/tmp/dsh-footer-source.gZQq0j/deepseek-harness-477b4f420553e8a52c2fbccc464d7561b239c443/node_modules/.pnpm/react-dom@18.3.1_react@18.3.1/node_modules/react-dom/cjs/react-dom.development.js:21626:16)
    at beginWork$1 (/private/tmp/dsh-footer-source.gZQq0j/deepseek-harness-477b4f420553e8a52c2fbccc464d7561b239c443/node_modules/.pnpm/react-dom@18.3.1_react@18.3.1/node_modules/react-dom/cjs/react-dom.development.js:27465:14)
    at performUnitOfWork (/private/tmp/dsh-footer-source.gZQq0j/deepseek-harness-477b4f420553e8a52c2fbccc464d7561b239c443/node_modules/.pnpm/react-dom@18.3.1_react@18.3.1/node_modules/react-dom/cjs/react-dom.development.js:26599:12)
    at workLoopSync (/private/tmp/dsh-footer-source.gZQq0j/deepseek-harness-477b4f420553e8a52c2fbccc464d7561b239c443/node_modules/.pnpm/react-dom@18.3.1_react@18.3.1/node_modules/react-dom/cjs/react-dom.development.js:26505:5)
    at renderRootSync (/private/tmp/dsh-footer-source.gZQq0j/deepseek-harness-477b4f420553e8a52c2fbccc464d7561b239c443/node_modules/.pnpm/react-dom@18.3.1_react@18.3.1/node_modules/react-dom/cjs/react-dom.development.js:26473:7)
    at recoverFromConcurrentError (/private/tmp/dsh-footer-source.gZQq0j/deepseek-harness-477b4f420553e8a52c2fbccc464d7561b239c443/node_modules/.pnpm/react-dom@18.3.1_react@18.3.1/node_modules/react-dom/cjs/react-dom.development.js:25889:20)
 ✓ |thread-safe| packages/client/ui-renderer/tests/factory-slots.client.spec.tsx (17 tests) 297ms
 ✓ |thread-safe| packages/client/ui-conversation/tests/queue-dock.client.spec.tsx (35 tests) 364ms
 ✓ |thread-safe| packages/client/ui-conversation/tests/skeleton.client.spec.tsx (26 tests) 413ms
 ✓ |thread-safe| packages/client/ui-conversation/tests/apply-inject.client.spec.tsx (14 tests) 517ms
 ✓ |thread-safe| packages/client/ui-conversation/tests/submit-machine.client.spec.ts (49 tests) 9ms
 ✓ |thread-safe| packages/client/ui-slots/tests/core.client.spec.ts (28 tests) 10ms
 ✓ |thread-safe| packages/client/ui-conversation/tests/conversation-groups.client.spec.ts (12 tests) 13ms
 ✓ |thread-safe| packages/client/ui-conversation/tests/input-matrix.client.spec.tsx (16 tests) 813ms
 ✓ |thread-safe| packages/client/ui-conversation/tests/input-scenarios.client.spec.tsx (16 tests) 885ms
 ✓ |thread-safe| packages/client/ui-conversation/tests/conversation-group-store.client.spec.ts (19 tests) 17ms
 ✓ |thread-safe| packages/client/ui-conversation/tests/conversation-registry.client.spec.ts (11 tests) 30ms
 ✓ |thread-safe| packages/client/ui-conversation/tests/service-orchestration.client.spec.ts (29 tests) 1300ms
 ✓ |thread-safe| packages/client/ui-conversation/tests/input-bar.client.spec.tsx (103 tests) 1450ms
Error: scope 'session' adapter does not provide its area renderer
    at scopeAreaProvider (/private/tmp/dsh-footer-source.gZQq0j/deepseek-harness-477b4f420553e8a52c2fbccc464d7561b239c443/packages/client/ui-renderer/src/client/scoped-slots.tsx:507:11)
    at standardKit (/private/tmp/dsh-footer-source.gZQq0j/deepseek-harness-477b4f420553e8a52c2fbccc464d7561b239c443/packages/client/ui-renderer/src/client/scoped-slots.tsx:589:32)
    at RootEntry (/private/tmp/dsh-footer-source.gZQq0j/deepseek-harness-477b4f420553e8a52c2fbccc464d7561b239c443/packages/client/ui-renderer/src/client/scoped-slots.tsx:776:38)
    at renderWithHooks (/private/tmp/dsh-footer-source.gZQq0j/deepseek-harness-477b4f420553e8a52c2fbccc464d7561b239c443/node_modules/.pnpm/react-dom@18.3.1_react@18.3.1/node_modules/react-dom/cjs/react-dom.development.js:15486:18)
    at mountIndeterminateComponent (/private/tmp/dsh-footer-source.gZQq0j/deepseek-harness-477b4f420553e8a52c2fbccc464d7561b239c443/node_modules/.pnpm/react-dom@18.3.1_react@18.3.1/node_modules/react-dom/cjs/react-dom.development.js:20103:13)
    at beginWork (/private/tmp/dsh-footer-source.gZQq0j/deepseek-harness-477b4f420553e8a52c2fbccc464d7561b239c443/node_modules/.pnpm/react-dom@18.3.1_react@18.3.1/node_modules/react-dom/cjs/react-dom.development.js:21626:16)
    at HTMLUnknownElement.callCallback (/private/tmp/dsh-footer-source.gZQq0j/deepseek-harness-477b4f420553e8a52c2fbccc464d7561b239c443/node_modules/.pnpm/react-dom@18.3.1_react@18.3.1/node_modules/react-dom/cjs/react-dom.development.js:4164:14)
    at HTMLUnknownElement.callTheUserObjectsOperation (/private/tmp/dsh-footer-source.gZQq0j/deepseek-harness-477b4f420553e8a52c2fbccc464d7561b239c443/node_modules/.pnpm/jsdom@29.1.1_@noble+hashes@2.3.0/node_modules/jsdom/lib/generated/idl/EventListener.js:26:30)
    at innerInvokeEventListeners (/private/tmp/dsh-footer-source.gZQq0j/deepseek-harness-477b4f420553e8a52c2fbccc464d7561b239c443/node_modules/.pnpm/jsdom@29.1.1_@noble+hashes@2.3.0/node_modules/jsdom/lib/jsdom/living/events/EventTarget-impl.js:360:16)
    at invokeEventListeners (/private/tmp/dsh-footer-source.gZQq0j/deepseek-harness-477b4f420553e8a52c2fbccc464d7561b239c443/node_modules/.pnpm/jsdom@29.1.1_@noble+hashes@2.3.0/node_modules/jsdom/lib/jsdom/living/events/EventTarget-impl.js:296:3)
Error: scope 'session' adapter does not provide its area renderer
    at scopeAreaProvider (/private/tmp/dsh-footer-source.gZQq0j/deepseek-harness-477b4f420553e8a52c2fbccc464d7561b239c443/packages/client/ui-renderer/src/client/scoped-slots.tsx:507:11)
    at standardKit (/private/tmp/dsh-footer-source.gZQq0j/deepseek-harness-477b4f420553e8a52c2fbccc464d7561b239c443/packages/client/ui-renderer/src/client/scoped-slots.tsx:589:32)
    at RootEntry (/private/tmp/dsh-footer-source.gZQq0j/deepseek-harness-477b4f420553e8a52c2fbccc464d7561b239c443/packages/client/ui-renderer/src/client/scoped-slots.tsx:776:38)
    at renderWithHooks (/private/tmp/dsh-footer-source.gZQq0j/deepseek-harness-477b4f420553e8a52c2fbccc464d7561b239c443/node_modules/.pnpm/react-dom@18.3.1_react@18.3.1/node_modules/react-dom/cjs/react-dom.development.js:15486:18)
    at mountIndeterminateComponent (/private/tmp/dsh-footer-source.gZQq0j/deepseek-harness-477b4f420553e8a52c2fbccc464d7561b239c443/node_modules/.pnpm/react-dom@18.3.1_react@18.3.1/node_modules/react-dom/cjs/react-dom.development.js:20103:13)
    at beginWork (/private/tmp/dsh-footer-source.gZQq0j/deepseek-harness-477b4f420553e8a52c2fbccc464d7561b239c443/node_modules/.pnpm/react-dom@18.3.1_react@18.3.1/node_modules/react-dom/cjs/react-dom.development.js:21626:16)
    at beginWork$1 (/private/tmp/dsh-footer-source.gZQq0j/deepseek-harness-477b4f420553e8a52c2fbccc464d7561b239c443/node_modules/.pnpm/react-dom@18.3.1_react@18.3.1/node_modules/react-dom/cjs/react-dom.development.js:27465:14)
    at performUnitOfWork (/private/tmp/dsh-footer-source.gZQq0j/deepseek-harness-477b4f420553e8a52c2fbccc464d7561b239c443/node_modules/.pnpm/react-dom@18.3.1_react@18.3.1/node_modules/react-dom/cjs/react-dom.development.js:26599:12)
    at workLoopSync (/private/tmp/dsh-footer-source.gZQq0j/deepseek-harness-477b4f420553e8a52c2fbccc464d7561b239c443/node_modules/.pnpm/react-dom@18.3.1_react@18.3.1/node_modules/react-dom/cjs/react-dom.development.js:26505:5)
    at renderRootSync (/private/tmp/dsh-footer-source.gZQq0j/deepseek-harness-477b4f420553e8a52c2fbccc464d7561b239c443/node_modules/.pnpm/react-dom@18.3.1_react@18.3.1/node_modules/react-dom/cjs/react-dom.development.js:26473:7)
Error: scope 'session' adapter does not provide its area renderer
    at scopeAreaProvider (/private/tmp/dsh-footer-source.gZQq0j/deepseek-harness-477b4f420553e8a52c2fbccc464d7561b239c443/packages/client/ui-renderer/src/client/scoped-slots.tsx:507:11)
    at standardKit (/private/tmp/dsh-footer-source.gZQq0j/deepseek-harness-477b4f420553e8a52c2fbccc464d7561b239c443/packages/client/ui-renderer/src/client/scoped-slots.tsx:589:32)
    at RootEntry (/private/tmp/dsh-footer-source.gZQq0j/deepseek-harness-477b4f420553e8a52c2fbccc464d7561b239c443/packages/client/ui-renderer/src/client/scoped-slots.tsx:776:38)
    at renderWithHooks (/private/tmp/dsh-footer-source.gZQq0j/deepseek-harness-477b4f420553e8a52c2fbccc464d7561b239c443/node_modules/.pnpm/react-dom@18.3.1_react@18.3.1/node_modules/react-dom/cjs/react-dom.development.js:15486:18)
    at mountIndeterminateComponent (/private/tmp/dsh-footer-source.gZQq0j/deepseek-harness-477b4f420553e8a52c2fbccc464d7561b239c443/node_modules/.pnpm/react-dom@18.3.1_react@18.3.1/node_modules/react-dom/cjs/react-dom.development.js:20103:13)
    at beginWork (/private/tmp/dsh-footer-source.gZQq0j/deepseek-harness-477b4f420553e8a52c2fbccc464d7561b239c443/node_modules/.pnpm/react-dom@18.3.1_react@18.3.1/node_modules/react-dom/cjs/react-dom.development.js:21626:16)
    at HTMLUnknownElement.callCallback (/private/tmp/dsh-footer-source.gZQq0j/deepseek-harness-477b4f420553e8a52c2fbccc464d7561b239c443/node_modules/.pnpm/react-dom@18.3.1_react@18.3.1/node_modules/react-dom/cjs/react-dom.development.js:4164:14)
    at HTMLUnknownElement.callTheUserObjectsOperation (/private/tmp/dsh-footer-source.gZQq0j/deepseek-harness-477b4f420553e8a52c2fbccc464d7561b239c443/node_modules/.pnpm/jsdom@29.1.1_@noble+hashes@2.3.0/node_modules/jsdom/lib/generated/idl/EventListener.js:26:30)
    at innerInvokeEventListeners (/private/tmp/dsh-footer-source.gZQq0j/deepseek-harness-477b4f420553e8a52c2fbccc464d7561b239c443/node_modules/.pnpm/jsdom@29.1.1_@noble+hashes@2.3.0/node_modules/jsdom/lib/jsdom/living/events/EventTarget-impl.js:360:16)
    at invokeEventListeners (/private/tmp/dsh-footer-source.gZQq0j/deepseek-harness-477b4f420553e8a52c2fbccc464d7561b239c443/node_modules/.pnpm/jsdom@29.1.1_@noble+hashes@2.3.0/node_modules/jsdom/lib/jsdom/living/events/EventTarget-impl.js:296:3)
Error: scope 'session' adapter does not provide its area renderer
    at scopeAreaProvider (/private/tmp/dsh-footer-source.gZQq0j/deepseek-harness-477b4f420553e8a52c2fbccc464d7561b239c443/packages/client/ui-renderer/src/client/scoped-slots.tsx:507:11)
    at standardKit (/private/tmp/dsh-footer-source.gZQq0j/deepseek-harness-477b4f420553e8a52c2fbccc464d7561b239c443/packages/client/ui-renderer/src/client/scoped-slots.tsx:589:32)
    at RootEntry (/private/tmp/dsh-footer-source.gZQq0j/deepseek-harness-477b4f420553e8a52c2fbccc464d7561b239c443/packages/client/ui-renderer/src/client/scoped-slots.tsx:776:38)
    at renderWithHooks (/private/tmp/dsh-footer-source.gZQq0j/deepseek-harness-477b4f420553e8a52c2fbccc464d7561b239c443/node_modules/.pnpm/react-dom@18.3.1_react@18.3.1/node_modules/react-dom/cjs/react-dom.development.js:15486:18)
    at mountIndeterminateComponent (/private/tmp/dsh-footer-source.gZQq0j/deepseek-harness-477b4f420553e8a52c2fbccc464d7561b239c443/node_modules/.pnpm/react-dom@18.3.1_react@18.3.1/node_modules/react-dom/cjs/react-dom.development.js:20103:13)
    at beginWork (/private/tmp/dsh-footer-source.gZQq0j/deepseek-harness-477b4f420553e8a52c2fbccc464d7561b239c443/node_modules/.pnpm/react-dom@18.3.1_react@18.3.1/node_modules/react-dom/cjs/react-dom.development.js:21626:16)
    at beginWork$1 (/private/tmp/dsh-footer-source.gZQq0j/deepseek-harness-477b4f420553e8a52c2fbccc464d7561b239c443/node_modules/.pnpm/react-dom@18.3.1_react@18.3.1/node_modules/react-dom/cjs/react-dom.development.js:27465:14)
    at performUnitOfWork (/private/tmp/dsh-footer-source.gZQq0j/deepseek-harness-477b4f420553e8a52c2fbccc464d7561b239c443/node_modules/.pnpm/react-dom@18.3.1_react@18.3.1/node_modules/react-dom/cjs/react-dom.development.js:26599:12)
    at workLoopSync (/private/tmp/dsh-footer-source.gZQq0j/deepseek-harness-477b4f420553e8a52c2fbccc464d7561b239c443/node_modules/.pnpm/react-dom@18.3.1_react@18.3.1/node_modules/react-dom/cjs/react-dom.development.js:26505:5)
    at renderRootSync (/private/tmp/dsh-footer-source.gZQq0j/deepseek-harness-477b4f420553e8a52c2fbccc464d7561b239c443/node_modules/.pnpm/react-dom@18.3.1_react@18.3.1/node_modules/react-dom/cjs/react-dom.development.js:26473:7)
 ✓ |thread-safe| packages/client/ui-renderer/tests/session-provider.client.spec.tsx (10 tests) 213ms
 ✓ |thread-safe| packages/client/ui-conversation/tests/lexical-editor-core.client.spec.tsx (24 tests) 19ms
 ✓ |thread-safe| packages/client/ui-conversation/tests/input-reference-submit.client.spec.ts (10 tests) 295ms
 ✓ |thread-safe| packages/client/ui-renderer/tests/use-projection.client.spec.tsx (2 tests) 20ms
 ✓ |thread-safe| packages/client/ui-renderer/tests/scoped-slots-real-core.client.spec.tsx (4 tests) 35ms
 ✓ |thread-safe| packages/client/ui-conversation/tests/request-inspection.client.spec.ts (7 tests) 4ms
 ✓ |thread-safe| packages/client/ui-conversation/tests/assembly-surfaces.client.spec.tsx (5 tests) 402ms
 ✓ |thread-safe| packages/client/ui-conversation/tests/stop-shortcut.client.spec.ts (17 tests) 166ms
 ✓ |thread-safe| packages/client/ui-conversation/tests/context-meter.client.spec.tsx (9 tests) 144ms
 ✓ |thread-safe| packages/client/ui-conversation/tests/keymap-routing.client.spec.tsx (10 tests) 121ms
 ✓ |thread-safe| packages/client/ui-renderer/tests/stale-authorization.client.spec.tsx (3 tests) 19ms
 ✓ |thread-safe| packages/client/ui-conversation/tests/system-prompt.client.spec.ts (7 tests) 4ms
 ✓ |thread-safe| packages/client/ui-conversation/tests/editor-focus.client.spec.ts (5 tests) 115ms
 ✓ |thread-safe| packages/client/ui-conversation/tests/apply-wiring.client.spec.tsx (6 tests) 324ms
 ✓ |thread-safe| packages/client/ui-conversation/tests/todo-panel.client.spec.tsx (9 tests) 167ms
 ✓ |thread-safe| packages/client/ui-renderer/tests/bind.client.spec.tsx (6 tests) 20ms
 ✓ |thread-safe| packages/client/ui-conversation/tests/safari.client.spec.ts (11 tests) 17ms
 ✓ |thread-safe| packages/client/ui-conversation/tests/views-type-chain.client.spec.tsx (2 tests) 10ms
 ✓ |thread-safe| packages/client/ui-conversation/tests/control-row-layout.client.spec.ts (4 tests) 114ms
 ✓ |thread-safe| packages/client/ui-renderer/tests/ui-renderer.client.spec.tsx (5 tests) 84ms
 ✓ |thread-safe| packages/client/ui-renderer/tests/invariant.client.spec.ts (3 tests) 10ms
 ✓ |thread-safe| packages/client/ui-conversation/tests/stop-sequence.client.spec.ts (8 tests) 14ms
 ✓ |thread-safe| packages/client/ui-slots/tests/dynamic-keys.client.spec.ts (5 tests) 4ms
 ✓ |thread-safe| packages/client/ui-conversation/tests/width-handle-styles.client.spec.ts (3 tests) 3ms
 ✓ |thread-safe| packages/client/ui-conversation/tests/conversation-store.client.spec.ts (4 tests) 5ms
 ✓ |thread-safe| packages/client/ui-conversation/tests/historical-images.client.spec.ts (4 tests) 32ms
 ✓ |thread-safe| packages/client/ui-conversation/tests/selection-survival.client.spec.tsx (3 tests) 74ms
 ✓ |thread-safe| packages/client/ui-conversation/tests/reference-activation.client.spec.ts (2 tests) 107ms
 ✓ |thread-safe| packages/client/ui-conversation/tests/submission-policy.client.spec.ts (5 tests) 5ms
 ✓ |thread-safe| packages/client/ui-conversation/tests/composer-blocks.client.spec.ts (1 test) 8ms
 ✓ |thread-safe| packages/client/ui-conversation/tests/config.host.spec.ts (2 tests) 22ms
 ✓ |thread-safe| packages/client/ui-conversation/tests/enter-behavior-row.client.spec.tsx (2 tests) 130ms
 ✓ |thread-safe| packages/client/ui-conversation/tests/async-insertion.client.spec.ts (2 tests) 66ms
 ✓ |thread-safe| packages/client/ui-conversation/tests/view-selection.client.spec.ts (2 tests) 3ms
 ✓ |thread-safe| packages/client/ui-conversation/tests/image-labels.client.spec.ts (3 tests) 3ms
 ✓ |thread-safe| packages/client/ui-conversation/tests/reference-chip.client.spec.tsx (3 tests) 25ms
 ✓ |thread-safe| packages/client/ui-renderer/tests/app.client.spec.tsx (2 tests) 31ms
stderr | packages/client/ui-renderer/tests/reconnect.client.spec.tsx > assembled renderer connection recovery > keeps the mounted root across a transport reconnect
[connection] connection lost, retry #1

 ✓ |thread-safe| packages/client/ui-renderer/tests/reconnect.client.spec.tsx (1 test) 2937ms
     ✓ keeps the mounted root across a transport reconnect  2936ms

 Test Files  55 passed (55)
      Tests  706 passed (706)
   Start at  16:38:52
   Duration  11.69s (transform 16.61s, setup 5.26s, import 38.35s, tests 12.24s, environment 16.96s)

